develop,1079
experi,879
team,634
softwar,372
product,357
design,335
en,331
technolog,284
skill,274
je,260
use,250
engin,245
compani,233
de,232
test,226
knowledg,220
technic,217
build,215
year,211
van,208
servic,207
system,206
environ,205
project,202
manag,196
een,193
provid,191
help,191
strong,189
busi,184
requir,184
support,182
lead,179
appli,178
solut,176
includ,171
peopl,171
respons,170
commun,169
make,168
agil,166
het,161
understand,159
comput,158
valid,157
digit,149
collabor,149
best,147
code,145
get,145
need,143
across,141
grow,140
data,138
user,138
take,137
inform,137
like,137
abil,136
client,135
creat,134
deliv,131
custom,130
passion,127
base,126
senior,126
part,125
excel,124
continu,121
offer,121
learn,120
innov,116
integr,115
success,113
time,112
cloud,112
valu,112
process,110
within,109
platform,108
improv,107
oper,106
high,103
ensur,103
must,98
interest,97
program,97
tool,97
experienc,93
relat,93
would,92
offic,92
employ,91
du,90
architectur,90
practic,86
och,86
perform,85
problem,85
met,85
secur,84
key,84
talent,84
implement,83
maintain,83
close,83
right,83
intern,82
organis,82
relev,82
want,81
autom,81
plan,80
come,80
love,80
op,79
level,79
open,79
current,78
complex,77
degre,77
everi,77
highli,77
train,77
recruit,76
challeng,76
qualiti,75
focu,75
abl,74
full,74
cultur,73
contribut,73
activ,72
write,70
te,69
divers,69
chang,69
market,68
share,67
og,67
med,67
profession,67
framework,67
al,67
contact,67
least,66
consid,66
flexibl,66
stack,65
deliveri,64
idea,64
multipl,63
analyt,63
thing,62
som,62
enjoy,60
around,60
solv,60
global,60
member,59
modern,59
think,59
sourc,59
react,58
benefit,58
om,58
deploy,58
die,58
familiar,58
complet,58
drive,57
featur,57
start,57
gener,57
und,57
equal,56
meet,56
industri,56
core,56
voor,56
avail,55
may,55
research,54
encourag,54
dynam,54
databas,54
rang,54
way,54
function,54
document,53
impact,53
believ,53
languag,53
end,52
larg,52
focus,52
approach,52
ideal,52
bring,51
hear,51
scrum,51
solid,51
follow,51
front-end,50
scienc,50
creativ,49
big,49
set,49
specif,49
av,48
review,47
locat,47
know,47
task,47
contract,47
kan,46
salari,46
involv,46
free,46
commit,46
thrive,46
mentor,46
futur,45
growth,45
result,45
written,45
interact,44
latest,44
commerci,44
rest,44
small,44
nation,44
health,44
visit,44
expert,43
strategi,43
achiev,43
jouw,43
empow,43
aw,43
driven,42
top,42
capabl,42
site,42
go,42
place,42
scale,42
individu,42
detail,42
world,42
backend,42
leadership,42
effect,41
social,41
fujitsu,41
uniqu,41
send,41
att,41
background,41
similar,41
jij,41
prefer,41
desir,41
decis,41
area,41
på,41
leader,40
call,40
differ,40
qualif,40
execut,40
hands-on,40
see,40
partner,39
unit,39
tech,39
varieti,39
er,39
dat,39
month,39
proven,39
architect,39
edg,39
competit,39
perman,39
public,39
hire,39
engag,38
organ,38
front,38
startup,38
group,38
educ,38
particip,38
field,38
hebt,38
live,38
enterpris,38
onlin,38
import,38
demonstr,37
proud,37
first,37
next,37
email,37
per,37
exist,37
websit,37
alongsid,37
profici,37
keep,37
back,37
expect,36
awesom,36
devop,36
connect,36
vi,36
chanc,36
silverstrip,36
establish,36
comfort,35
fast,35
är,35
analysi,35
har,35
possibl,35
initi,35
via,34
frontend,34
sound,34
niet,34
paid,34
find,34
assist,34
central,34
cyber,34
agenc,34
week,34
click,34
wij,33
expertis,33
enabl,33
plu,33
deze,33
critic,33
bij,33
concept,33
defin,33
minimum,33
link,32
disabl,32
consult,32
mani,32
list,32
för,32
real,32
infrastructur,32
identifi,32
play,32
aan,32
hour,32
inclus,32
standard,32
version,32
champion,31
mission,31
vision,31
der,31
control,31
methodolog,31
care,31
analyst,31
much,30
addit,30
brand,30
except,30
accept,30
sprint,30
staff,30
sexual,30
effici,30
wide,30
bent,30
atel,29
access,29
relationship,29
extern,29
interview,29
distribut,29
strateg,29
earli,29
student,29
daili,29
basi,29
optim,29
order,29
hand,28
interfac,28
hard,28
cover,28
defens,28
januari,28
confidenti,28
realli,28
day,28
wordt,28
forward,28
programm,27
wider,27
potenti,27
huge,27
content,27
server,27
equival,27
note,27
govern,27
bonu,26
local,26
run,26
toward,26
exposur,26
trust,26
becom,26
mainten,26
attitud,26
life,26
naar,26
award,26
space,26
meer,26
till,25
variou,25
marketplac,25
goal,25
reach,25
adapt,25
last,25
receiv,25
combin,25
direct,25
stay,25
ontario,25
academ,25
fit,25
event,25
move,25
give,25
power,25
orient,25
ownership,25
better,25
beyond,25
advanc,25
verbal,25
motiv,25
outstand,25
readi,24
lot,24
progress,24
profil,24
view,24
report,24
resourc,24
aspect,24
zijn,24
releas,24
ook,24
player,24
transform,24
game,24
will,24
regular,23
cours,23
submit,23
beauti,23
issu,23
ben,23
appropri,23
kenni,23
fun,23
date,23
scalabl,23
recognis,23
line,23
extens,23
circleci,23
without,23
expand,23
insur,23
onz,23
nativ,22
consist,22
stakehold,22
protect,22
produc,22
shape,22
signific,22
deep,22
master,22
evolv,22
friendli,22
smart,22
feedback,22
fantast,22
keen,22
embrac,22
univers,22
word,22
å,21
depend,21
cut,21
done,21
marit,21
corpor,21
coffe,21
invest,21
discuss,21
intellig,21
other,21
remot,21
extra,20
medic,20
due,20
optimis,20
legal,20
web-bas,20
store,20
feel,20
fast-mov,20
togeth,20
hold,20
english,20
enhanc,20
present,20
record,20
full-stack,20
could,20
formal,20
css,20
visual,20
fruit,20
built,20
search,20
independ,19
energi,19
attent,19
alway,19
saa,19
format,19
gender,19
afraid,19
script,19
essenti,19
quickli,19
advantag,19
guid,19
regard,19
happi,19
got,19
machin,19
arbeidsvoorwaarden,19
check,19
uit,19
constantli,19
mit,19
accord,19
reflect,19
prior,19
ein,19
account,19
major,19
financi,19
rapidli,19
busiest,19
form,19
assess,19
strive,19
updat,19
measur,18
term,18
fast-pac,18
pride,18
point,18
dev,18
viglink,18
pay,18
packag,18
sollicitati,18
question,18
subject,18
someth,18
state,18
along,18
window,18
stori,18
choic,18
technisch,18
aantal,18
willing,18
craft,18
even,18
basic,18
administr,18
given,18
compet,18
page,18
det,18
exampl,18
object,18
previou,18
nieuw,18
discrimin,18
azur,18
famili,18
step,17
din,17
intend,17
tester,17
show,17
track,17
face,17
letter,17
reliabl,17
welcom,17
netsuit,17
devic,17
finalist,17
compon,17
healthcar,17
ongo,17
largest,17
ref,17
vibrant,17
scope,17
long,17
fulli,17
structur,17
den,17
tot,17
inspir,17
succeed,16
til,16
util,16
ervar,16
model,16
recent,16
2018,16
found,16
put,16
coach,16
mvc,16
kenexa,16
allow,16
clear,16
monitor,16
resum,16
class,16
insight,16
short,16
consum,16
dig,16
return,16
belastingdienst,16
target,16
action,16
wil,16
room,16
dan,16
im,16
determin,15
serv,15
number,15
healthi,15
resolv,15
html,15
soon,15
turn,15
eller,15
broad,15
emerg,15
principl,15
embed,15
singl,15
fundament,15
usabl,15
statu,15
budget,15
enthusiast,15
heart,15
increas,15
lunch,15
teach,15
librari,15
rail,15
nav,15
throughout,14
plenti,14
energet,14
ground,14
natur,14
depart,14
ett,14
veteran,14
fire,14
blockchain,14
period,14
techniqu,14
bunch,14
host,14
effort,14
conduct,14
owner,14
cbre,14
mee,14
deel,14
demand,14
possess,14
pipelin,14
rubi,14
worden,14
accommod,14
cross-funct,14
suit,14
particularli,14
fix,14
ad,14
nice,14
talk,14
spring,14
read,14
ask,14
display,14
nog,14
robust,14
cbd,14
deal,14
utilis,14
confid,13
mysql,13
peer,13
outsid,13
reli,13
act,13
guidanc,13
break,13
sever,13
promot,13
clearli,13
video,13
disciplin,13
limit,13
vacat,13
coupl,13
manual,13
carv,13
offens,13
repres,13
foster,13
speed,13
button,13
rare,13
ambiti,13
ventur,13
leav,13
overal,13
center,13
main,13
less,13
common,13
win,13
in-depth,13
logic,13
drop,13
inom,13
colleagu,13
all,13
junior,13
purpos,13
begin,13
docker,13
input,13
vulner,13
microservic,13
specialist,13
start-up,13
count,13
assign,13
kunnen,13
internet,13
wat,13
mean,13
wir,13
door,13
spend,13
mix,13
én,13
everyth,13
prepar,12
et,12
angular,12
construct,12
polici,12
reput,12
rijksoverheid,12
topic,12
hit,12
type,12
volum,12
freedom,12
today,12
maken,12
directli,12
refer,12
balanc,12
schedul,12
uren,12
confer,12
handl,12
warfar,12
school,12
evalu,12
sell,12
debug,12
stomach,12
advertis,12
citi,12
foreign,12
intermedi,12
micro,12
500,12
ident,12
adopt,12
own,12
regularli,12
nsa,12
procedur,12
bug,12
dental,12
treat,12
add,12
behandel,12
alreadi,12
san,12
bijvoorbeeld,12
reason,12
pitch,12
everyon,11
duti,11
thought,11
shortlist,11
troubleshoot,11
back-end,11
facilit,11
voorkeur,11
properti,11
etc,11
gaat,11
serious,11
immedi,11
där,11
ser,11
von,11
flat,11
align,11
invit,11
primarili,11
tjänsten,11
fortun,11
einer,11
dedic,11
retail,11
configur,11
deadlin,11
tdd,11
ship,11
translat,11
einem,11
militari,11
made,11
assur,11
past,11
entir,11
electr,11
descript,11
publish,11
select,11
matter,11
side,11
graduat,11
beschik,11
genuin,11
choos,11
method,11
touch,11
former,11
element,11
cycl,11
für,11
rate,11
zowel,11
either,11
vragen,11
graag,11
behavior,11
studio,11
parti,11
never,11
on,11
young,11
proceed,11
reward,11
vast,11
ist,11
binnen,10
home,10
regardless,10
gather,10
fill,10
hebben,10
sector,10
easi,10
unsolicit,10
zich,10
bank,10
speak,10
vari,10
strength,10
analys,10
ecommerc,10
push,10
nodej,10
known,10
oss,10
prioriti,10
behind,10
board,10
guild,10
buy,10
human,10
full-tim,10
pace,10
dod,10
deg,10
rol,10
sure,10
ho,10
advoc,10
seen,10
fresh,10
recommend,10
analyz,10
influenc,10
advic,10
outcom,10
organiz,10
meaning,10
både,10
holiday,10
attend,10
server-sid,10
mid,10
amount,10
hunt,10
world-class,10
interperson,10
sterk,10
cloud-bas,10
personnel,10
quick,10
annual,10
super,10
london,10
certif,10
frequent,10
street,10
iter,10
priorit,10
copi,10
proactiv,10
in-hous,10
vacatur,10
piec,9
guidelin,9
final,9
destin,9
xero,9
rapid,9
attract,9
programmat,9
japanes,9
consider,9
disclos,9
restrict,9
beschikt,9
werken,9
perfect,9
12,9
pragmat,9
flow,9
path,9
francisco,9
accomplish,9
trend,9
möjlighet,9
averag,9
travel,9
sowi,9
truli,9
biggest,9
capac,9
head,9
vacanc,9
real-tim,9
minima,9
match,9
vara,9
pattern,9
aim,9
brief,9
staat,9
respond,9
institut,9
eu,9
problemen,9
heb,9
awar,9
upon,9
zoal,9
especi,9
sli,9
workflow,9
rather,9
carri,9
privat,9
gain,9
onder,9
qualifi,9
bridg,9
pension,9
stream,9
verifi,9
geen,9
tri,9
option,9
ontwikkelen,9
vil,9
omgev,9
transact,9
tertiari,9
privaci,9
request,9
address,9
squad,9
section,9
naast,9
dit,9
kunt,9
style,9
dcip,9
sein,9
samenwerken,8
affirm,8
tackl,8
miss,8
creation,8
algorithm,8
acquisiti,8
fastest,8
asset,8
mogelijk,8
prototyp,8
friday,8
mer,8
applicati,8
ever,8
book,8
sap,8
propos,8
jenkin,8
stage,8
portal,8
arrang,8
credit,8
collect,8
necessari,8
enough,8
strictest,8
convers,8
heavili,8
ci,8
voic,8
entitl,8
car,8
pick,8
40,8
save,8
quantit,8
manner,8
headquart,8
sign,8
respect,8
estim,8
da,8
worldwid,8
github,8
discount,8
jezelf,8
sustain,8
browser,8
fintech,8
våra,8
kunskap,8
jane,8
constant,8
case,8
complianc,8
screen,8
lösningar,8
day-to-day,8
adher,8
long-term,8
emobl,8
up-to-d,8
drink,8
journey,8
countri,8
roadmap,8
appreci,8
extrem,8
patient,8
massiv,8
channel,8
autonom,8
tempu,8
low,8
let,8
primari,8
e-commerc,8
04,8
hardwar,8
object-ori,8
supplier,8
red,8
benefici,8
coordin,8
easili,8
contain,8
actual,8
media,8
infrastructuur,8
incred,8
associ,8
foundat,8
3d,8
år,8
houd,8
led,8
forefront,8
na,8
fluent,8
old,8
aanleid,8
deepli,8
ak,8
lifecycl,8
dirti,8
prij,8
samen,8
production-readi,8
honesti,8
vår,8
elig,8
selenium,7
bit,7
compugroup,7
alfi,7
era,7
vilket,7
easier,7
importantli,7
audienc,7
steed,7
emphasi,7
solliciteren,7
payment,7
explain,7
parallel,7
streamlin,7
beroep,7
opgesteld,7
tight,7
whole,7
roll,7
compil,7
uk,7
star,7
nosql,7
faster,7
uitmaken,7
kubernet,7
kun,7
situat,7
oder,7
undergradu,7
titl,7
materi,7
scheme,7
uitstekend,7
arbetar,7
retir,7
tourism,7
negoti,7
correct,7
samenstellen,7
comprehens,7
australia,7
laura,7
name,7
overse,7
sens,7
ander,7
18,7
cutting-edg,7
såsom,7
graphic,7
söker,7
refin,7
contributor,7
verantwoordelijk,7
ze,7
histori,7
functie-eisen,7
black,7
phase,7
heeft,7
billion,7
europ,7
aansluiten,7
forget,7
lean,7
reimburs,7
b2b,7
erfahrung,7
od,7
cigna,7
analyseren,7
spennend,7
problem-solv,7
commut,7
daarvoor,7
migrat,7
templat,7
auf,7
jaar,7
often,7
soap,7
prevent,7
kunder,7
self,7
whattam,7
charg,7
maakt,7
leverag,7
einen,7
braincheck,7
edit,7
describ,7
equiti,7
self-motiv,7
qa,7
vergoed,7
clean,7
art,7
hierme,7
impress,7
engagerad,7
daarom,7
occasion,7
atmospher,7
cognit,7
persoonlijk,7
domain,7
nya,7
genoemd,7
monthli,7
kommer,7
penetr,7
hous,7
groei,7
sleev,7
pureappl,7
doet,7
vinden,7
robot,7
610,7
perk,7
staf,7
compens,7
b2c,7
rock,7
extend,7
hecht,7
ethic,7
artist,7
folk,7
mark,7
third,7
stuck,6
overig,6
erp,6
maxima,6
civilian,6
utvecklar,6
får,6
werkt,6
vakantiegeld,6
tell,6
branch,6
belangrijk,6
workload,6
angularj,6
maar,6
vendor,6
teamwork,6
rekenen,6
oo,6
verklar,6
arbeta,6
duidelijk,6
conform,6
shift,6
portfolio,6
kopi,6
true,6
secundair,6
kotlin,6
arxan,6
entri,6
celebr,6
från,6
high-qual,6
mental,6
sensibl,6
verwachten,6
behoren,6
strongli,6
elast,6
best-practic,6
compar,6
suitabl,6
hosten,6
studiefaciliteiten,6
verder,6
keuzemogelijkheden,6
bei,6
meant,6
meest,6
away,6
kandidaten,6
opvragen,6
un,6
zusammenarbeit,6
zu,6
mest,6
failur,6
exploitati,6
beschouw,6
client-fac,6
krijg,6
flexibel,6
unlimit,6
waarna,6
sale,6
phone,6
omtrent,6
producten,6
fra,6
summari,6
cross,6
definit,6
worth,6
aanstel,6
reageren,6
25,6
motivatiebrief,6
wirefram,6
17,6
hela,6
upcom,6
large-scal,6
might,6
afspraken,6
higher,6
well-vers,6
roosevelt,6
ontwikkel,6
ministri,6
stuur,6
här,6
simpl,6
larger,6
later,6
loopbaanontwikkel,6
supervis,6
bijzonderheden,6
wie,6
accur,6
output,6
jobba,6
8200,6
hiervoor,6
arbet,6
customis,6
cater,6
oral,6
investig,6
grade,6
ai,6
blijven,6
cto,6
pursuit,6
20-24,6
redux,6
utvikl,6
advis,6
firm,6
volunt,6
laatst,6
solver,6
crucial,6
semant,6
stun,6
shore,6
agent,6
reken,6
alleen,6
toolset,6
cooper,6
09,6
volgt,6
intellectu,6
10-14,6
howev,6
36,6
innen,6
genomen,6
vermeld,6
referenti,6
medewerk,6
second,6
projecten,6
malcolm,6
ta,6
sluitingsdatum,6
reageert,6
eye,6
law,6
2108,6
werknem,6
ditt,6
director,6
redesign,6
gedrag,6
non-techn,6
expens,6
zo,6
betrek,6
bay,6
mint,6
tutor,6
profit,6
individuel,6
summer,6
tax,6
geldend,6
geniu,6
map,6
jcac,6
tal,6
condit,6
dina,6
ontvangen,6
wacht,6
risk,6
word-,6
bodi,6
grasp,6
figur,6
biedt,6
dienstverband,6
kunden,6
pioneer,6
artwork,6
gebi,6
protocol,6
vasco,6
upp,5
3rd,5
schaal,5
liefst,5
commiss,5
remuner,5
dir,5
adob,5
well-round,5
numer,5
downtown,5
experiment,5
regulier,5
fee,5
rwa,5
sophist,5
stimul,5
søker,5
del,5
broader,5
predict,5
warehous,5
spoken,5
simplifi,5
centr,5
dett,5
domest,5
produkt,5
moovel,5
quit,5
practition,5
bill,5
ocaml,5
newli,5
disrupt,5
gone,5
oversea,5
mdm,5
customer-centr,5
postgresql,5
1-2,5
appeal,5
min,5
size,5
boost,5
entiti,5
stillingen,5
author,5
cost,5
--,5
command,5
jobb,5
stanford,5
tailor,5
feed,5
beheerd,5
richt,5
dein,5
nu,5
så,5
wish,5
ved,5
resultaatgerichtheid,5
nederlands,5
tabl,5
equip,5
pre-sal,5
artifici,5
assembl,5
analytisch,5
insid,5
32,5
democrat,5
beheerst,5
avalara,5
gevraagd,5
veel,5
zeer,5
2-week,5
januarivacaturenumm,5
skillset,5
salarisniveau,5
mensen,5
kring,5
eigen,5
drug,5
horizontal,5
popular,5
zum,5
therebi,5
siri,5
estat,5
brag,5
colleg,5
shopper,5
weekli,5
teammat,5
stabl,5
incid,5
delight,5
cool,5
zoek,5
buiten,5
grown,5
gym,5
ehealth-unternehmen,5
breath,5
bekend,5
sollicitatieproc,5
partnership,5
real-world,5
presenc,5
valuabl,5
iot,5
greater,5
gute,5
littl,5
webservic,5
instrument,5
golang,5
samt,5
desktop,5
explor,5
raygun,5
advert,5
maandsalari,5
underpin,5
pro,5
symfoni,5
introduc,5
bonus,5
afford,5
dag,5
informasjon,5
ontarian,5
highest,5
vote,5
bieden,5
draw,5
sit,5
über,5
pursu,5
gärna,5
kund,5
remov,5
soft,5
proof,5
somebodi,5
mål,5
badger,5
voorselectietest,5
apart,5
advisor,5
neemt,5
eager,5
hourli,5
contractor,5
end-to-end,5
bleed,5
navig,5
like-mind,5
pressur,5
spread,5
ceo,5
579,5
work-lif,5
lighthous,5
load,5
proprietari,5
reinvent,5
oracl,5
earn,5
innomast,5
radic,5
semest,5
pave,5
communicatiev,5
mycket,5
goda,5
20,5
direkt,5
dictat,5
typic,5
multi,5
humbl,5
defect,5
ansvar,5
handshak,5
lookout,5
vill,5
goed,4
self-direct,4
sdk,4
regress,4
rabbitmq,4
remain,4
maximis,4
self-studi,4
jira,4
premier,4
379,4
licenc,4
werkervar,4
komplett,4
convert,4
laptop,4
bovendien,4
next-gener,4
moment,4
bieten,4
bedriften,4
klantgerichtheid,4
fund,4
engels,4
relax,4
expans,4
onboard,4
hamburg,4
ultim,4
chat,4
os,4
dienstverlen,4
rank,4
hierarchi,4
2017,4
12-month,4
aid,4
zelfontwikkel,4
rais,4
armi,4
revenu,4
tozni,4
kick,4
flere,4
persönlichen,4
grpc,4
seo,4
teacher,4
våre,4
mention,4
arbeid,4
hr,4
beschikbaar,4
shine,4
11,4
studi,4
sker,4
paa,4
freeli,4
även,4
rekryteringsprocessen,4
ar,4
voorkomen,4
3-5,4
safe,4
surgeri,4
requisit,4
palmgren,4
oplossingen,4
css3,4
eigenen,4
clinic,4
children,4
ego,4
vindt,4
exclus,4
york,4
bs,4
bra,4
innogi,4
werktijden,4
ton,4
peak,4
dare,4
suppli,4
redefin,4
waar,4
kid,4
service-ori,4
exempelvi,4
asur,4
renown,4
ländern,4
appoint,4
mobile-bas,4
bli,4
gmbh,4
anywher,4
db2,4
doctor,4
bear,4
dive,4
diploma,4
forens,4
amsterdam,4
exceed,4
daniel,4
ninja,4
informatica,4
fridg,4
kiwi-own,4
net,4
7929,4
capit,4
obstacl,4
staan,4
kind,4
studium,4
grown-up,4
efter,4
investor,4
html5,4
zur,4
etter,4
paul,4
553,4
award-win,4
boast,4
campus,4
sent,4
beheer,4
instead,4
citizenship,4
artisan,4
ny,4
newest,4
factori,4
centrum,4
lä,4
god,4
inn,4
disclosur,4
high-perform,4
superior,4
likemind,4
satisfi,4
paktor,4
consul,4
pictur,4
seri,4
david,4
auch,4
multin,4
bright,4
encrypt,4
queri,4
walk,4
internt,4
hybrid,4
ict,4
entrepreneuri,4
domein,4
stockholm,4
sie,4
satisfact,4
taal,4
transpar,4
still,4
tremend,4
quarterli,4
arisen,4
theori,4
eget,4
smooth,4
detect,4
pole,4
dream,4
flick,4
temp,4
unterstützung,4
instruct,4
19,4
sina,4
salarisomschrijv,4
wintec,4
multi-servic,4
snabbt,4
öppen,4
knockout,4
camaraderi,4
80-hour,4
threat,4
tim,4
spirit,4
user-friendli,4
enligt,4
mathemat,4
objective-c,4
implic,4
cm,4
explos,4
difficult,4
ping-pong,4
park,4
ønsker,4
hot,4
weltweit,4
sensit,4
concentr,4
regist,4
friend,4
swift,4
stand-bi,4
season,4
caus,4
mondel,4
dollar,4
salesforc,4
waarin,4
sdlc,4
quot,4
gör,4
ervaren,4
perspect,4
verstoringen,4
race,4
nidhi,4
smile,4
tar,4
enthusiasm,4
4469,4
minst,4
bike,4
offshor,4
snack,4
ortec,4
on-cal,4
scientif,4
django,4
løsninger,4
deriv,4
music,4
pair,4
rocket,4
filter,4
adversari,4
multidisciplinari,4
acceler,4
uppsatta,4
relevant,4
dutchband,4
facet,4
affin,4
cd,4
dich,4
utveckl,4
värdeorden,4
lever,4
price,4
nomo,4
webspher,4
moet,4
aesthet,4
altijd,4
krijgt,4
generiek,4
in,4
holist,4
economi,4
superb,4
zelfstandig,4
visibl,4
dyktig,4
yoobe,4
landscap,4
collegi,4
tight-knit,4
well-known,4
etwa,4
wordpress,4
gradl,4
stock,4
exit,4
provis,4
surround,4
rund,4
straightforward,4
technieken,4
shyp,3
conting,3
merchant,3
minut,3
50,3
führenden,3
urgent,3
vp,3
metal,3
arriv,3
hibern,3
realiti,3
medarbetar,3
beim,3
tyler,3
bradley,3
length,3
therefor,3
virtual,3
workforc,3
uur,3
endow,3
finn,3
prescript,3
indic,3
functi,3
adjust,3
automat,3
agre,3
typescript,3
appetit,3
mock,3
water,3
går,3
unreal,3
belief,3
gesundheitswesen,3
specflow,3
informationsdienstleistungen,3
round,3
systemen,3
layout,3
viewer,3
photoshop,3
lönsamhet,3
whose,3
gezien,3
mr,3
beteiligten,3
impass,3
ro,3
digitala,3
ride,3
vc,3
id,3
1601,3
norden,3
informati,3
hohe,3
devis,3
stolen,3
elasticsearch,3
triv,3
initiatief,3
sök,3
sicheren,3
motor,3
arbeiten,3
affect,3
remedi,3
drupal,3
blend,3
klik,3
parent,3
grafana,3
proof-of-concept,3
profound,3
klar,3
ip,3
selskap,3
beat,3
paragraph,3
childcar,3
overview,3
non-profit,3
curiou,3
kpi,3
utveckla,3
behöver,3
sport,3
gateway,3
effekt,3
gezond,3
genom,3
verhaal,3
hope,3
bolster,3
pretti,3
expeditor,3
theodora,3
kontor,3
shorten,3
stand,3
payrol,3
perl,3
ara,3
chariti,3
classifi,3
array,3
sick,3
cafe,3
knit,3
verschillend,3
learner,3
prometheu,3
företag,3
spam,3
spotifi,3
speaker,3
aller,3
productieproc,3
clojur,3
conclus,3
e-signatur,3
electron,3
snappcar,3
brew,3
claim,3
reloc,3
ihr,3
signifi,3
men,3
preclud,3
lambda,3
sinc,3
tenaci,3
unser,3
polit,3
guy,3
ethereum,3
empathet,3
avoid,3
chair,3
laboren,3
cohes,3
intric,3
skip,3
fraudster,3
life-cycl,3
företaget,3
certifi,3
softwareprodukt,3
random,3
client-sid,3
reduc,3
vertalen,3
samarbet,3
mitig,3
empathi,3
counterintellig,3
print,3
automatis,3
retain,3
5g-readi,3
whilst,3
aspir,3
robotic-arm,3
effizienteren,3
lanschot,3
projekt,3
json,3
ensched,3
29,3
lab,3
offici,3
toepass,3
målet,3
nonprofit,3
sunston,3
wensen,3
suggest,3
bijdrag,3
hive,3
onderdeel,3
hq,3
mind,3
team-bas,3
repositori,3
strengthen,3
fullstack,3
sin,3
bidra,3
være,3
conferenc,3
hero,3
teamlead,3
cultiv,3
affiniteit,3
31st,3
suchen,3
almost,3
mindset,3
lie,3
tick,3
merri,3
workshop,3
minim,3
high-level,3
two-factor,3
dienen,3
juggl,3
utviklingsavdelingen,3
soa,3
hungri,3
hub,3
acumen,3
coverag,3
attack,3
actief,3
sind,3
half,3
groundbreak,3
non-funct,3
embark,3
hier,3
veloc,3
modernis,3
ag,3
abid,3
durch,3
tower,3
programvar,3
evangel,3
smartphon,3
scientist,3
casual,3
modifi,3
ärztlichen,3
whether,3
anforderungen,3
file,3
shell,3
tactic,3
arbetet,3
corner,3
englischkenntniss,3
multi-thread,3
traffic,3
1129,3
växer,3
dissemin,3
hesit,3
echt,3
total,3
indesign,3
qt,3
undergo,3
wherev,3
vergütung,3
favourit,3
ryman,3
metric,3
snel,3
backbon,3
pleasant,3
betrieblich,3
seriou,3
vertic,3
roadblock,3
höga,3
happen,3
whatev,3
utifrån,3
ecosystem,3
articul,3
modest,3
node,3
forward-think,3
582,3
endless,3
storag,3
gina,3
enorm,3
icon,3
fx,3
brussel,3
olivi,3
494,3
front-,3
pod,3
tror,3
brain,3
soe,3
datacent,3
kempen,3
osx,3
geospati,3
coder,3
gap,3
paramount,3
delen,3
rise,3
port,3
selskapet,3
concern,3
matur,3
asid,3
reactiv,3
teil,3
campaign,3
rigor,3
revolut,3
confirm,3
pivot,3
mayb,3
environment,3
hoe,3
finish,3
iv-acc,3
bedrijven,3
focuss,3
saw,3
grew,3
internet-era,3
steer,3
annonsen,3
webbasierten,3
mignon,3
organisatieonderdeel,3
c3,3
919,3
prestanda,3
ahead,3
doubl,3
593,3
stryker,3
koblenz,3
sichereren,3
mongodb,3
on-th,3
necessarili,3
appear,3
wilt,3
umgebung,3
unsupervis,3
handel,3
anoth,3
acquisit,3
baustein,3
on-go,3
anomali,3
brenner,3
epic,3
liter,3
stabil,3
holden,3
365,3
princip,3
mail,3
bamboo,3
blir,3
memori,3
hospit,3
purchas,3
launch,3
ger,3
tradit,3
treatment,3
zukunft,3
malwar,3
signal,3
wellington-bas,3
rehir,3
entwicklungsprozess,3
nye,3
expertli,3
german,3
compliant,3
everywher,3
spa,3
pull,3
blinddata,3
transit,3
også,3
envi,3
vital,3
hjf,3
greenfield,3
angel,3
codebas,3
substanti,3
stehen,3
organisatorischen,3
ga,3
invisalign,3
simultan,3
miner,3
telecommun,3
augment,3
nurtur,3
long-stand,3
anyth,3
jou,3
packet,3
andra,3
snapchat,3
aufgaben,3
vervolgen,3
eagleman,3
arbetat,3
-creat,3
context,3
undertak,3
maximum,3
sf,3
teknologien,3
dynamisch,3
audit,3
messag,3
inaccur,3
belang,3
voucher,3
submiss,3
rich,3
freelanc,3
default,3
night,3
weet,3
ideeën,3
static,3
tätigkeiten,3
pois,3
late,3
boundari,3
press,3
burger,3
gui,3
pre-determin,3
rollen,3
2001,3
steadfast,3
gesundheitsakten,3
stort,3
consumpt,3
bottom,3
sometim,3
altersvorsorg,3
separ,3
skal,3
nat,3
kjent,3
-manag,3
retrospect,3
ministry-specif,3
distinct,3
vr,3
kanban,3
circumst,3
academi,2
organisationen,2
nation-wid,2
calibr,2
punt,2
well-establish,2
alert,2
urban,2
baselin,2
clock,2
delaktig,2
axla,2
unesco,2
mostli,2
concurr,2
werkzaamheden,2
deiner,2
hay,2
medium,2
kompeten,2
arbetsuppgift,2
samenwerk,2
shoulder,2
toekomst,2
engelska,2
laten,2
rekryteringsverksamhet,2
rewrit,2
electro,2
worker,2
firmli,2
opleid,2
stick,2
crm,2
internationalen,2
high-tech,2
testen,2
mvp,2
studier,2
kritisch,2
anticip,2
ida,2
ausgewogen,2
20-minut,2
architectuur,2
citizen,2
abroad,2
2016,2
tricot,2
invigor,2
forvent,2
uiteraard,2
guten,2
löper,2
mih,2
heroic,2
pre,2
brim,2
verklig,2
confluenc,2
ingredi,2
ermöglichen,2
advertiser-bid,2
gesprek,2
hone,2
special,2
fine-tun,2
6-month,2
dosi,2
manufactur,2
relevanta,2
earth,2
foku,2
2020,2
none,2
cope,2
fetch,2
peer-review,2
arcad,2
berufsbegleitend,2
behalf,2
cross-brows,2
cowork,2
prospect,2
litium,2
framtida,2
enthousiast,2
on-board,2
non-trivi,2
abstract,2
brightest,2
consumer-grad,2
liek,2
fitnesscent,2
kostenfrei,2
loan,2
revitalis,2
exchang,2
gern,2
bdd,2
fantastisk,2
skydd,2
versatil,2
möter,2
pool,2
teamciti,2
betaal-,2
mqtt,2
conceiv,2
membership,2
förståels,2
plugin,2
två,2
schulungen,2
gir,2
ssr,2
data-nerd,2
pass,2
floor,2
lifestyl,2
inklus,2
mileston,2
angular2,2
chin,2
mile,2
personliga,2
60,2
orthodont,2
upskil,2
philosophi,2
zetten,2
tuition,2
minimis,2
hele,2
highly-motiv,2
wfh,2
ulik,2
yael,2
faglig,2
hantera,2
bet,2
optima,2
vernieuwend,2
dynamiska,2
oslo,2
nicht,2
functieomschrijvingben,2
public-fac,2
backlog,2
schnell,2
uber,2
vilka,2
übernahm,2
dem,2
9577,2
daemon,2
vorteil,2
softwarekenni,2
bootstrap,2
världsklass,2
weak,2
softwareentwicklungsprozess,2
qualitätssicherung,2
amongst,2
gcp,2
trader,2
interpret,2
wo,2
möchtest,2
asap,2
specialiseren,2
weiterentwicklung,2
puppet,2
resultatet,2
agricultur,2
bewerbung,2
coit,2
zet,2
ihnen,2
mot,2
attest,2
company-wid,2
sikt,2
coderen,2
open-sourc,2
evenementen,2
professor,2
cgm,2
kannst,2
relentlessli,2
zahlreich,2
simpli,2
slimm,2
hadoop,2
inc,2
prove,2
wachsenden,2
genomsyrar,2
test-driven,2
photo,2
elk,2
wareh,2
chapter,2
bundl,2
vet,2
einzigartig,2
afgerond,2
life-long,2
aris,2
extraordinari,2
bespok,2
rådgivn,2
länken,2
service-bas,2
holder,2
nemen,2
paramet,2
890,2
magic,2
neuroscientist,2
allema,2
daarnaast,2
gesteld,2
hart,2
fulltim,2
serial,2
veterinari,2
on-premis,2
co,2
meriterand,2
partli,2
fair,2
netwerken,2
bootcamp,2
transport,2
chantel,2
domeinen,2
innovatiev,2
grid,2
campu,2
introductori,2
organiseren,2
comment,2
vekst,2
ständig,2
gjøre,2
prosessen,2
båda,2
seamless,2
bidrar,2
time-manag,2
overhaul,2
betekeni,2
technologist,2
jahresumsatz,2
gegevensontsluit,2
werk,2
alla,2
national,2
previous,2
preced,2
början,2
använd,2
high-pressur,2
mogelijkheden,2
goal-ori,2
advers,2
recoveri,2
compat,2
subvers,2
contemporari,2
2011,2
authorit,2
rent,2
asia,2
matern,2
stone,2
light,2
betyd,2
hurdl,2
driver,2
well-coordin,2
md,2
samma,2
maker,2
harrison,2
asynchron,2
denken,2
roller,2
communicatief,2
sociabl,2
källa,2
ambition,2
se,2
pyramid,2
093779244,2
sollicit,2
lære,2
probabl,2
dienst,2
gode,2
mestadel,2
tussen,2
aktuellen,2
kunn,2
mooi,2
volop,2
spetskompeten,2
yet,2
zuhaus,2
recogn,2
dere,2
lösungen,2
aantoonbar,2
innehar,2
goe,2
scale-up,2
waardoor,2
xd,2
masterstudium,2
weltkulturerb,2
bust,2
lift,2
tiden,2
eclips,2
facil,2
tenant,2
wast,2
systeem,2
mindesten,2
mass,2
instanc,2
få,2
legaci,2
defend,2
crack,2
hochqualifiziert,2
sverig,2
kafka,2
epi,2
mitarbeit,2
oploss,2
sa,2
sambla,2
pinch,2
leuk,2
systemintegr,2
22,2
drömmer,2
loop,2
increasingli,2
well-b,2
hack,2
urgenc,2
upper-level,2
tend,2
marktführer,2
ausgeprägt,2
passar,2
nervou,2
reap,2
winter,2
stressbestendig,2
kept,2
endeavor,2
funktionalen,2
sneak,2
depth,2
umfeld,2
fabul,2
weg,2
session,2
kollegor,2
noggrannhet,2
zono,2
personuppgift,2
agresearch,2
wine,2
hbo-diploma,2
production-qu,2
ethernet,2
non-nz,2
starten,2
ingent,2
ausbildung,2
nyfiket,2
platz,2
maven,2
f2f,2
binari,2
white,2
kringliggand,2
behandlar,2
evolut,2
mogelijkheid,2
5-7,2
søk,2
plannen,2
chain,2
fibr,2
kreativa,2
plezierig,2
passen,2
hitta,2
fring,2
quarter,2
doen,2
among,2
browser-bas,2
fragment,2
compel,2
linker,2
intrus,2
um,2
configuratiemanag,2
entrepreneur,2
webbutvecklar,2
pertain,2
stabilitet,2
exec,2
arbetslivserfarenhet,2
poster,2
håller,2
octopu,2
super-smart,2
servant,2
meerder,2
beweg,2
influenti,2
fachabteilung,2
konkurransedyktig,2
customer-fac,2
child,2
anwendungs-framework,2
incom,2
vue,2
obsess,2
gut,2
-two,2
subsid,2
cwp,2
lamp,2
opptatt,2
arm,2
stub,2
frontend-technologien,2
anyon,2
utvikler,2
pack,2
statist,2
grundlag,2
multi-ti,2
state-of-the-art,2
market-lead,2
uppdrag,2
trimbl,2
freuen,2
heavi,2
end-us,2
zal,2
no-sql,2
vormt,2
kyoto,2
tijd,2
högteknologiska,2
facebook,2
innebär,2
people-centr,2
6-9,2
högskoleexamen,2
predomin,2
complic,2
azavea,2
noth,2
neurocognit,2
intent,2
non-japanes,2
realign,2
arbeidsoppgav,2
nederland,2
showcas,2
arkit,2
high-impact,2
replac,2
ontwikkelaar,2
competenti,2
multi-year,2
klanten,2
standorten,2
standup,2
cach,2
versnellen,2
constraint,2
backend-bereich,2
enspir,2
leder,2
skapa,2
postgr,2
carpark,2
lebensunterhaltskosten,2
netwar,2
system-support,2
geoserv,2
stadig,2
greenspac,2
övrig,2
anställa,2
tablet,2
schema,2
weigh,2
safeti,2
när,2
money,2
realiz,2
tightly-knit,2
meerwaard,2
tag,2
softwareentwicklung,2
selectieprocedur,2
theoretisch,2
8-10,2
ömsesidig,2
sky,2
rectifi,2
rule,2
testabl,2
wherea,2
fafsa,2
promin,2
courtenay,2
kultur,2
ansökan,2
surfac,2
work-life-bal,2
constructiev,2
diagnos,2
lokal,2
etl,2
dortmund,2
24,2
queu,2
on-tim,2
projekten,2
poc,2
inter-person,2
bachelor,2
studerar,2
temporari,2
datavetenskap,2
deutsch-,2
unpreced,2
retrofit,2
dilig,2
dev-op,2
short-term,2
fluid,2
ledger,2
redi,2
svært,2
insert,2
es6,2
butteri,2
vrijheid,2
workstat,2
left,2
cloud-lik,2
utviklingen,2
språken,2
queen,2
pionieren,2
listen,2
dagen,2
clever,2
affinität,2
nxturn,2
utmaningar,2
uncompromis,2
tijden,2
decentralis,2
pre-tax,2
torch,2
zip,2
beroend,2
hochschul,2
jobbar,2
happiest,2
financ,2
prägla,2
root,2
avancerad,2
reactj,2
leva,2
16,2
serverless,2
downtim,2
marktconform,2
maak,2
mainli,2
implementierung,2
diensten,2
geographi,2
leistungen,2
rhein,2
interdisziplinär,2
intresserad,2
fluenci,2
själv,2
ikk,2
1384,2
geven,2
agojo-1709-47023,2
thinker,2
dann,2
erfar,2
forward-,2
on-lin,2
chef,2
app-bas,2
administ,2
bruke,2
reizvol,2
kundföretag,2
arbetssätt,2
arbeitsplatznah,2
middlewar,2
kundlojalitet,2
fabric,2
xml,2
jaren,2
webgl,2
tasti,2
rub,2
level39,2
kort,2
fast-grow,2
ansvarstagand,2
fiserv,2
omsättn,2
tomorrow,2
rollout,2
container,2
human-comput,2
honom,2
movi,2
kei,2
buyer,2
sharethrough,2
praktisch,2
cucumb,2
brown,2
fördelad,2
dine,2
unifi,2
foosbal,2
thoroughli,2
okay,2
börja,2
produktmanag,2
mosel,2
truth,2
well-respect,2
spine,2
e-handeln,2
held,2
modul,2
resor,2
region,2
escal,2
kunskapsväxl,2
untap,2
catalogu,2
enrich,2
decent,2
disclaim,2
neue,2
in-progress,2
nytänkand,2
komm,2
roc,2
usa,2
user-fac,2
heard,2
middl,2
international,2
combo,2
top-qual,2
loader,2
ezyvet,2
premium,2
teamen,2
vibe,2
autonomi,2
dialog,2
know-how,2
integration,2
wait,2
analist,2
alik,2
viabl,2
reusabl,2
accustom,2
dubbla,2
viabil,2
angemessen,2
voluntari,2
absolut,2
thought-provok,2
mulighet,2
sexi,2
crowdsourc,2
up-skil,2
polyglot,2
deeper,2
everyday,2
attribut,2
konsult,2
truste,2
direktrekryt,2
voeren,2
proactief,2
ambitiöst,2
onderstaand,2
accredit,2
go-gett,2
någon,2
gaan,2
deliver,2
all-in-on,2
flesta,2
distinguish,2
robert,2
cirka,2
consensu,2
idé,2
integriteten,2
95,2
regulatori,2
weiterbildungsmaßnahmen,2
henc,2
intricaci,2
thorough,2
mechan,2
buy-in,2
durat,2
werden,2
yearli,2
processpecialist,2
försäljning,2
svenska,2
lucki,2
30,2
phd,2
logist,2
render,2
ampl,2
5th,2
subway,2
friss,2
post,2
anställd,2
nå,2
calcul,2
multi-funct,2
lösningen,2
crazi,2
zie,2
netzen,2
2-5,2
grote,2
bringen,2
opbouw,2
ha,2
retreat,2
all-sourc,2
thread,2
anali,2
modif,2
effektiv,2
wealth,2
livechat,2
reichweiten,2
kontakt,2
heap,2
röst,2
draaien,2
solar,2
eda,2
erfarenhet,2
polarn,2
counti,2
moltin,2
mindr,2
netherland,2
hunger,2
emi,2
svn,2
stellen,2
noe,2
zeitpunkt,2
co-design,2
opinion,2
geograph,2
artifact,2
teamübergreifend,2
kommunik,2
lieu,2
au,2
unhealthi,2
proper,2
2-4,2
solida,2
stärka,2
result-driven,2
land,2
kundenbasi,2
fashion,2
mervärd,2
timefram,2
ruimt,2
switch,2
hög,2
heltid,2
mariadb,2
clariti,2
sonstigen,2
feet,2
trainieren,2
dull,2
erfarna,2
haalbar,2
ute,2
samarbetar,2
compris,2
exce,2
usag,2
organisati,2
philadelphia,2
säkerställer,2
levert,2
-develop,2
önskemål,2
halen,2
octagon,2
lua,2
ci-infrastrukturen,2
particular,2
best-in-class,2
vervul,2
werkzaam,2
flag,2
beverag,2
consumptiemunten,2
ever-chang,2
guarante,2
beter,2
agnost,2
well-structur,2
realisati,2
basebal,2
contributori,2
pim,2
200,2
slightli,2
agilen,2
bottleneck,2
scratch,2
closer,2
exhibit,2
usual,2
indien,2
midsiz,2
well-defin,2
enormt,2
nächstmöglichen,2
leveren,2
vpm,2
standort,2
något,2
eng,2
denk,2
volgen,2
on-sit,2
secondari,2
regel,2
text,2
nzrb,2
unternehmenslösungen,2
samtal,2
unserem,2
hong,2
wellsford,2
liais,2
tijdsdruk,2
zorg,2
biotechnolog,2
collega,2
samtidigt,2
ieder,2
unter,2
eat,2
gjennom,2
lay,2
festanstellung,2
videreutvikl,2
hyperlink,2
polsbandj,2
silicon,2
kompetans,2
smaller,2
godkänner,2
wijz,2
ambit,2
plattformar,2
spelen,2
entsprechend,2
hardwork,2
skickar,2
bästa,2
user-focus,2
appium,2
co-ordin,2
samtyck,2
generalist,2
arbitr,2
processen,2
arizona,2
marri,2
romerik,2
entwicklungsmöglichkeiten,2
öka,2
nieuwst,2
då,2
criteria,2
transamerica,2
specialisera,2
daar,2
omgåend,2
idag,2
sedan,2
lämna,2
smith,2
self-manag,2
tilbi,2
conflict,2
aigent,2
quo,2
nachhaltig,2
kolleg,2
konsultbolag,2
bbq,2
commensur,2
jahr,2
work-rel,2
dash,2
solution,2
åt,2
wild,2
fascin,2
encount,2
fte,2
resolut,2
niedrig,2
age,2
driv,2
över,2
lijnen,2
break-out,2
commentari,2
raw,2
bland,2
functieomschrijv,2
stumbl,2
zit,2
självklarhet,2
komponenten,2
slide,2
rd,2
helpt,2
seem,2
1522,2
sharman,2
vanligtvi,2
rp,2
interdisciplinari,2
imag,2
identif,2
mule,2
derfor,2
incept,2
kunskapskapit,2
pröva,2
gold,2
zumba,2
erwirtschaftet,2
assumpt,2
prematur,2
e-handel,2
canari,2
helhetslösningar,2
größten,2
bentmet,2
incidenten,2
team-ori,2
durf,2
registr,2
anim,2
når,2
disast,2
express,2
top-notch,2
utvecklingsfasen,2
delici,2
discern,2
abn,2
bereich,2
bounc,2
vector,2
answer,2
snart,2
planera,2
axur,2
smartar,2
canterburi,2
box,2
backup,2
sehr,2
gedreven,2
ontwikkeld,2
apothekern,2
daimler,2
tier,2
hun,2
månader,2
claus,2
fairli,2
gebruik,2
problemlösningsförmåga,2
smarter,2
smit,1
mixtil,1
station,1
elf,1
alan,1
seiz,1
smash,1
tver,1
rahmen,1
afdel,1
es7,1
diss,1
oud,1
2-com,1
dot,1
beeld,1
prong,1
generella,1
varehu,1
relish,1
future-ori,1
techniek,1
contactuel,1
say,1
sean,1
doorzettingsvermogen,1
oppdater,1
mdm-ontwikkelaar,1
salg,1
ingeslagen,1
voldoend,1
stunden,1
mongoid,1
ter,1
ut,1
mooie,1
lese,1
canadian,1
eeo,1
vers,1
terrif,1
liquid,1
tabellen,1
tiriti,1
reibungslo,1
småplukk,1
rainbow,1
friction,1
beskriv,1
akka,1
fortnightli,1
feder,1
eigenschaften,1
stamina,1
betreft,1
-assist,1
boomf,1
stoke,1
flexibilität,1
lock,1
kimbal,1
customer-focuss,1
wert,1
eigenverantwortlich,1
jon,1
markedet,1
rådgivand,1
fault-toler,1
boven,1
wire,1
89,1
økt,1
kindli,1
lifespan,1
professionalis,1
mutual,1
approxim,1
2012r2,1
franchis,1
ethnic,1
kode,1
tournament,1
professional-level,1
aggreg,1
nur,1
schaumburg,1
world-renown,1
kenntniss,1
erg,1
sponsorship,1
berücksichtigung,1
cheaper,1
close-knit,1
slack,1
unbias,1
spelman,1
bean,1
verif,1
anchor,1
allen,1
contin,1
bronnen,1
antwoorden,1
hjälper,1
470,1
fantas,1
afleggen,1
effectiev,1
framtid,1
rapportag,1
long-need,1
schumach,1
expat-friendli,1
datafangst,1
bhjo-1712-47215,1
pre-built,1
-7,1
fore,1
bluetooth,1
gayatri,1
werkgerelateerd,1
cloud-deliv,1
kostenlosen,1
afwegingen,1
user-adopt,1
keyword,1
groß,1
adviserend,1
rijksbre,1
assum,1
novel,1
esb,1
graphit,1
institutionel,1
on-pag,1
arbeitsweis,1
8th,1
fulfil,1
90252,1
zonder,1
2-page,1
vernuft,1
strongest,1
trøkk,1
automasjon,1
optimaliseren,1
runbook,1
fler,1
non-print,1
effektiviser,1
nitro,1
thoma,1
bootcampen,1
geschikt,1
exploit,1
twice,1
ide,1
non-product,1
geëffend,1
fh,1
graph,1
innenfor,1
awe,1
resulter,1
4493,1
tätt,1
kompleks,1
unbefristet,1
092814150,1
tactisch,1
over-sight,1
doorzocht,1
geir,1
vaardigheden,1
iphon,1
gebruikt,1
tata,1
skillsoft,1
103,1
bestsel,1
selendroid,1
scrappi,1
evidence-bas,1
qualit,1
uitwerk,1
-ensur,1
just-enough,1
percentag,1
aktuel,1
schwerpunkt,1
selectiegesprekken,1
hver,1
scm,1
vijftien,1
jeff,1
triag,1
boek,1
ca,1
zorgt,1
ingesteld,1
monitort,1
nästa,1
zimmer,1
harvey,1
5-8,1
bite,1
ausgewählt,1
assumptions-,1
liker,1
orm,1
innogam,1
repetit,1
underway,1
magazino,1
calabash,1
1e,1
devil,1
permit,1
konzept,1
nicol,1
sk924760a,1
innebær,1
welman,1
nebul,1
linq,1
refactor,1
nois,1
hvor,1
is-t,1
kollega,1
avtal,1
observ,1
ansettels,1
diagram,1
handset,1
åpne,1
stress,1
patch,1
soul,1
calm,1
organisatiedoelstellingen,1
lost,1
jointli,1
wartbarkeit,1
slow,1
2e,1
full-blown,1
graphql,1
perhap,1
camp,1
correspond,1
landschap,1
apeldoorn,1
authent,1
gebeurt,1
ort,1
erfahrenen,1
støtte,1
eventu,1
wanneer,1
kracht,1
agtech,1
cost-effect,1
dog,1
quiet,1
deskbeer,1
concis,1
flex-tim,1
mpp,1
revolutionari,1
cargo,1
agila,1
møte,1
brutal,1
efficaci,1
gjennomsnitt,1
bouwen,1
jeg,1
committe,1
jbsjo-1711-47139,1
omgaan,1
bereiken,1
oppos,1
cloudomgev,1
download,1
gwen,1
fortnight,1
hat,1
spain,1
behov,1
bedient,1
vele,1
plass,1
ski,1
http-cach,1
integratieprotocollen,1
the-job,1
lp,1
oplossen,1
five-star,1
barri,1
neer,1
veelal,1
behoort,1
tillgängliga,1
etabl,1
psycholog,1
axon,1
dashboard,1
fachlichen,1
out-of-the-box,1
uppåt,1
oppdatert,1
utvecklingsteamen,1
onderscheiden,1
acceptati,1
lesbar,1
adam,1
lesson,1
interkulturalität,1
funki,1
frequenc,1
raspberri,1
sweden,1
dadurch,1
spørsmål,1
re-design,1
großer,1
p2p,1
reo,1
pm,1
concepten,1
trial,1
tåget,1
documenten,1
dc,1
kindl,1
prikkfri,1
-consist,1
roll-out,1
85-90,1
credenti,1
absorb,1
wissen,1
möjligheten,1
services-rel,1
fruition,1
realis,1
ziet,1
refresh,1
skreddersydd,1
deck,1
bia,1
state-less,1
maandloon,1
zelf,1
klikk,1
gemaakt,1
hyggelig,1
houdini,1
45,1
dri,1
microsit,1
krjo-1712-47234,1
whakakaha,1
wholly-own,1
2022,1
bezüglich,1
lightspe,1
fester,1
pain,1
meticul,1
onafhankelijk,1
umanga,1
jobseek,1
netto,1
functieomschrijvingd,1
imper,1
postcss,1
geschäftssitz,1
taiwan,1
data-driven,1
debat,1
sentiment,1
toekomstbestendig,1
virkelig,1
inhoudelijk,1
berufsleben,1
utplass,1
consumer-fac,1
arthur,1
gitlab,1
spark,1
gibt,1
willst,1
thought-lead,1
vagrant,1
opensourc,1
catherin,1
instal,1
nicki,1
meetup,1
cmjo-1707-46927,1
rangahau,1
co-own,1
infrastructuren,1
distil,1
voortdurend,1
bedienen,1
trick,1
laat,1
doorgroeien,1
leggen,1
gelooft,1
passi,1
people-person,1
engasjert,1
extract,1
conjunct,1
ständigt,1
förändringstakt,1
theme,1
oppdragen,1
automatisch,1
concordian,1
shoreditch,1
inject,1
scanner,1
profit-shar,1
eleg,1
converg,1
worri,1
auffassungsgab,1
statement,1
obtain,1
iv-voorzieningen,1
leather,1
expertrol,1
ontvangt,1
jh_494190,1
columbia,1
upsid,1
zulk,1
miljarden,1
angela,1
minded-visionari,1
pollut,1
tjänst,1
enterprise-grad,1
annonstiteln,1
bedrukken,1
technology17,1
toolkit,1
client-bas,1
etterutdanningsprogram,1
ställer,1
afgenomen,1
toch,1
optimierung,1
55089521,1
løsning,1
thirst,1
kunderna,1
austoben,1
verantwortungsvollen,1
open-mind,1
mortgag,1
tokyo,1
bezit,1
verhelpen,1
nadruk,1
nevnt,1
nuget,1
accuraci,1
testbar,1
decemb,1
twee,1
xcode,1
ravendb,1
bv,1
ontmantelen,1
project-bas,1
vertragslaufzeit,1
-lead,1
itero,1
logged-out,1
oop,1
håper,1
arkitektur,1
puc,1
pluswork,1
developing-team,1
attempt,1
stake,1
bi,1
resultaatgericht,1
arbeitszeit,1
bijzonder,1
feasibl,1
7-8,1
hapori,1
inzet,1
agojo-1711-47200,1
disassembl,1
homegrown,1
ellersli,1
integrer,1
prosjektledelse-,1
unlock,1
non-sectarian,1
löpand,1
studiengäng,1
non,1
beaver,1
multi-platform,1
technology-driven,1
schick,1
programmeren,1
uat,1
chatten,1
result-,1
syne,1
portalen,1
mye,1
comp,1
retire,1
breadth,1
longer-term,1
archidev,1
systeemrelati,1
mannskapslist,1
edx-bas,1
utvecklingsmöjlighet,1
leading-edg,1
fram,1
backend-entwicklung,1
zealand-own,1
beleiev,1
självständigt,1
on-campu,1
steam,1
vrij,1
beteiligt,1
standard-compli,1
opplær,1
drevet,1
permanentyour,1
lager,1
2014,1
pilat,1
peripher,1
herlig,1
varj,1
oplossingsgerichtheid,1
2527,1
pathway,1
lynn,1
tini,1
git-bas,1
appi,1
flexibiliteit,1
dom,1
verzorgd,1
steven,1
emot,1
entrust,1
bessem,1
effectiviteit,1
cbsi,1
hannah,1
8055,1
aldri,1
preciou,1
wax,1
ekstern,1
22nd,1
exempt,1
subsidis,1
snapp,1
interess,1
home-grown,1
bewust,1
nga,1
snijvlak,1
250,1
auckland-bas,1
unexplor,1
visionari,1
klare,1
particulier,1
iggulden,1
daarna,1
fremtiden,1
tj_309568,1
diagnosi,1
waitangi,1
hard-,1
excelleren,1
ledand,1
sunni,1
yell,1
sier,1
tune,1
in-house-train,1
int,1
external-fac,1
vollzeit,1
donderdagmiddag,1
10-4,1
skyen,1
prohibit,1
instel,1
top-tier,1
actor,1
-maintain,1
webapp,1
vårt,1
positief,1
betreuung,1
gorgeou,1
raw-level,1
coördineren,1
bezig,1
gebieden,1
praxisnah,1
gesundheitssektor,1
phone-bas,1
ajax,1
favor,1
quick-wit,1
cmu,1
nok,1
uitdag,1
overarch,1
minority-classifi,1
company-bas,1
vice,1
pre-design,1
shareabl,1
cartridg,1
attach,1
voortbreng,1
ethnograph,1
all-round,1
customer-readi,1
department,1
gegevensmodellen,1
itil,1
ipo,1
dbaa,1
levend,1
jumpstart,1
jp,1
architecturen,1
realiseert,1
bygget,1
discov,1
designer-programm,1
uitbreid,1
itil-beheerprocessen,1
skalerbar,1
stänga,1
rebuild,1
self-govern,1
simplic,1
pensions-,1
frischem,1
unit-test,1
glide,1
outag,1
dispers,1
stand-bydiensten,1
acquir,1
fewer,1
bewaakt,1
onto,1
funnit,1
nordic,1
coffeescript,1
campbel,1
zelfsturend,1
bad,1
nysgjerrig,1
bijzaken,1
intersect,1
realiseren,1
nylig,1
overnight,1
2467,1
-provid,1
unrestrict,1
towel,1
skremm,1
anpassad,1
innat,1
eén,1
arbitrari,1
-five,1
fare,1
civic,1
toekomstvisi,1
site-wid,1
boom,1
essenc,1
ongev,1
lokalisert,1
drei,1
pan-european,1
motiver,1
mixpanel,1
publicly-own,1
pnz,1
veelvuldig,1
top-3,1
split,1
begrijpt,1
overwegen,1
miljøer,1
hang,1
jbsjo-1709-47028,1
vertaalslag,1
vertegenwoordigen,1
helmut,1
harbour,1
schrijfvaardigheden,1
rubriken,1
cultuur,1
deskundigheid,1
visitor,1
academic-industri,1
lavt,1
9174,1
-conduct,1
forc,1
nationally-recogn,1
razor,1
gesamten,1
fragen,1
akqa,1
paradigm,1
abgestimmt,1
engineeringabout,1
customer-vis,1
enquiri,1
certainli,1
robustli,1
transfer,1
vind,1
benytt,1
lower,1
subsidi,1
circa,1
reproduc,1
-new,1
inrichten,1
silver,1
nach,1
5911677,1
curi,1
høyprofilert,1
beginfas,1
opplevd,1
nexu,1
dagelijk,1
800,1
usership,1
sass,1
1930,1
boeiend,1
tv,1
2462,1
90379,1
hinder,1
management-rel,1
sqllite,1
377,1
maneuv,1
opricht,1
bolag,1
scenario,1
545,1
trump,1
containeris,1
discretionari,1
overcam,1
rond,1
gedrevenheid,1
gjelder,1
obst,1
ladi,1
trainings-,1
finner,1
yogal,1
rspec,1
gerust,1
rekryteringsprocess,1
symmetr,1
footer,1
auto,1
finer,1
galera,1
mapkit,1
near-ful,1
snapt,1
daarme,1
utviklingsoppdrag,1
zodat,1
webb,1
etablert,1
fatt,1
promis,1
morsom,1
personalerbjudand,1
elegantli,1
tekniska,1
daher,1
1st,1
myryman,1
reproduct,1
notic,1
longer,1
front-load,1
kwaliteit,1
eigenin,1
sowohl,1
1ish,1
ec2,1
televis,1
feb,1
4th,1
1402,1
fähigkeiten,1
onvoorzien,1
ned,1
aussagekräftigen,1
well-docu,1
enforc,1
in-person,1
umsetzen,1
happier,1
studiengebühren,1
apt,1
vardagar,1
behoorlijk,1
ea068,1
leidend,1
rundt,1
denna,1
topp,1
handeln,1
tvo,1
stem,1
pre-employ,1
vergelijkbar,1
enter,1
degelijk,1
wholesal,1
hill,1
ineffici,1
well-suit,1
fluentli,1
zien,1
mid-siz,1
ansökningar,1
elektronisk,1
greatest,1
maco,1
re-evalu,1
pixel,1
betrokkenen,1
siktet,1
villag,1
opparbeidet,1
professionel,1
tidsanalys,1
precis,1
beståend,1
subsystem,1
implementati,1
uniek,1
bureaucraci,1
verra,1
motorkap,1
onzekerheden,1
leren,1
webform,1
amro,1
teknologivalgen,1
rememb,1
zone,1
alexand,1
7-10,1
måtte,1
development-centr,1
beheerprocessen,1
bedoeld,1
prosjekt,1
kopiera,1
terrac,1
rebas,1
delv,1
-base,1
less-experienc,1
samarbeid,1
michigan,1
vista,1
abackend,1
90,1
praxi,1
instructor,1
datasystem,1
embarcadero,1
strävar,1
samtidig,1
modellierung,1
leverandør,1
gesundheitsmanag,1
inter,1
helt,1
penn,1
uitgroeien,1
glue,1
buddi,1
security-rel,1
synthesis,1
innovatief,1
spec,1
hör,1
eye-test,1
gespecialiseerd,1
focust,1
armatowsk,1
utov,1
snug,1
verkopen,1
suitebundl,1
courseop,1
introduct,1
technology-bas,1
automated-test,1
shield,1
cyber-,1
although,1
mentorship,1
coerc,1
high-end,1
90298,1
ice,1
gerealiseerd,1
lo,1
1600,1
in-car,1
smelli,1
waarbij,1
signatur,1
10th,1
beg,1
mariann,1
carbonzero,1
went,1
sticki,1
histor,1
kent,1
centric,1
cream,1
funderingar,1
coretech,1
organisatiesensitiviteit,1
manipul,1
citrix,1
relay,1
fellow,1
viktig,1
årene,1
finanzierung,1
stora,1
envelop,1
approv,1
game-bas,1
elimin,1
chop,1
repair,1
allered,1
331,1
sourcer,1
capaci,1
följa,1
enorma,1
popul,1
januar,1
postgi,1
plate,1
actiev,1
grang,1
laravel,1
system-,1
ontsluit,1
-review,1
omsatt,1
death,1
optimal,1
hochmotiviert,1
chrome,1
self-start,1
n,1
pensjonsordn,1
openli,1
sonata,1
unleash,1
pc,1
th,1
concuss,1
ict-platformen,1
widget,1
autostor,1
dozen,1
aotearoa,1
writer,1
mailchimp,1
92,1
rett,1
positi,1
rooftop,1
helm,1
442,1
31,1
monat,1
verwachtingen,1
grootst,1
deviat,1
fitnessstudio,1
backend-rel,1
logo,1
olika,1
atmel,1
beheertechnieken,1
vehement,1
ondernemend,1
countrysid,1
admin,1
follow-the-textbook,1
ok,1
standaard,1
consciou,1
cornerston,1
zij,1
callowhil,1
toner,1
morgondagen,1
beruf,1
tillegg,1
one-off,1
framfart,1
govt,1
greatli,1
celebratori,1
highlight,1
genau,1
delay,1
low-key,1
joy,1
bishop,1
kneepj,1
wont,1
webhostingapplicati,1
prestigi,1
spoc,1
reproach,1
istqb,1
w12,1
state-of-th,1
part-tim,1
-proactiv,1
medior,1
user-centr,1
remark,1
lønn,1
post-se,1
diplomabschluss,1
captur,1
seed,1
exactli,1
reageer,1
family-own,1
wharton,1
optimist,1
ourfullstack,1
anxieti,1
markedsled,1
specifika,1
webdevelop,1
omvangrijk,1
travi,1
förlängning,1
bitbucket,1
qualmark,1
brightli,1
-support,1
benodigd,1
totstandkom,1
bereid,1
x86,1
massag,1
producti,1
founder,1
wcag,1
affili,1
katherin,1
frågor,1
gått,1
fall,1
dé,1
amazingli,1
workspac,1
fagmiljø,1
1-3,1
fritid,1
erbjud,1
avdelingen,1
tikanga,1
høyer,1
tom,1
sacrific,1
quantiti,1
ext,1
recept,1
guter,1
nauw,1
pin-,1
technoloi,1
clearanc,1
nest,1
muntendispens,1
pyret,1
ofta,1
deloiveri,1
victori,1
eas,1
iri,1
sociaal,1
co-found,1
villmark,1
dvc,1
natuurlijk,1
90453,1
rec,1
tett,1
developer-focuss,1
significantli,1
konfigurationsmanagement-tool,1
beng,1
user-research,1
sizabl,1
während,1
iwi,1
hovedsak,1
problemløsn,1
högt,1
technologiesasur,1
interst,1
lisa,1
flask,1
vergelijkbaar,1
plaat,1
kansen,1
verwerkt,1
actuel,1
overlook,1
valley-back,1
krav,1
snowflak,1
appstor,1
webblösningar,1
tonen,1
teamfähigkeit,1
lar,1
origin,1
ansprechpartn,1
fremdrift,1
flavor,1
dispar,1
149,1
engel,1
zoeken,1
09-5797929,1
us-overlap,1
finest,1
connector,1
113221385,1
multi-disciplin,1
instinct,1
fortsett,1
venture-back,1
stripe,1
geheimen,1
større,1
laugh,1
cash,1
clinician,1
acronym,1
-an,1
re-engin,1
salarisniveauscha,1
intermediate-level,1
salgsdrevet,1
assembleren,1
though,1
domain-specif,1
overcom,1
waard,1
river,1
mom-and-pop,1
ontwerpen,1
bereichen,1
intrins,1
foot-in-the-door,1
fosrest,1
verschiedenen,1
gold-standard,1
geo-spati,1
extj,1
revers,1
large-data,1
kitchen,1
solution-ori,1
state-of-art,1
-10,1
rewarddo,1
ausgewählten,1
heroku,1
roboticist,1
unnecessari,1
essentieel,1
består,1
komplex,1
youtub,1
3-6,1
bind,1
reappli,1
versteld,1
tørre,1
weight,1
metro,1
scripten,1
mid-front,1
slag,1
oppdat,1
merkevar,1
gegeven,1
ddl,1
org,1
portabl,1
crunch,1
42,1
99,1
pump,1
phoenix,1
texa,1
stop,1
spotlight,1
ict-infrastructuur,1
onderhoud,1
testimoni,1
java-technologi,1
mixtur,1
combinati,1
stef,1
doorontwikkel,1
values-driven,1
motiverend,1
x,1
hvorfor,1
könnten,1
wekelijk,1
balan,1
utviklingsmulighet,1
assimil,1
fleksitid,1
techneut,1
row,1
toont,1
time-sensit,1
90385,1
studierst,1
webservertechnologieën,1
sweat,1
funktional,1
overheidsdatacenter-dienst,1
nacht,1
owasp,1
evid,1
wenn,1
statistisch,1
getränken,1
kloppend,1
fed,1
micro-servic,1
club,1
test-cov,1
fusion,1
mentaliteit,1
kleiner,1
danach,1
leverans,1
catalog,1
complement,1
percent,1
fornøyd,1
model-view-control,1
trenger,1
teilnahm,1
christma,1
valley,1
intelligent,1
preserv,1
breathtak,1
shower,1
-kund,1
übergangswohnung,1
onbekend,1
recreat,1
skriv,1
passiv,1
puzzl,1
rad,1
oversight,1
áltijd,1
synchron,1
één,1
wonder,1
virtualisierungstechnologien,1
breedt,1
90285,1
bash,1
44,1
segment,1
georiënteerd,1
karriärsteg,1
solnet,1
sørger,1
harmon,1
banner,1
specialis,1
akkreditiert,1
humor,1
unquestion,1
ebenfal,1
draait,1
cross-depart,1
generasjon,1
interchang,1
sealen,1
hedg,1
303,1
peil,1
koop,1
kiellandsplass,1
stabiel,1
scheiden,1
macro,1
värdeful,1
safari,1
mocha-chai,1
tilbyr,1
toy,1
intuit,1
breidt,1
thrown,1
primärt,1
utanför,1
politiek,1
emb,1
vak,1
impart,1
invoic,1
app-v,1
arbeitszeitgestaltung,1
team-at-larg,1
sop,1
internationalis,1
touch-en,1
auslandserfahrung,1
broaden,1
supercomput,1
søknader,1
findet,1
announc,1
taught,1
urvalet,1
viel,1
marknaden,1
90452,1
inextric,1
fuel,1
gant,1
kjører,1
deficit,1
midst,1
planet,1
ble,1
ytterliger,1
dramat,1
abreast,1
jo-1712-47249,1
sammen,1
23,1
snabba,1
logistik,1
score,1
expos,1
crown,1
nibl,1
maß,1
guard,1
resultaten,1
eenduidig,1
jobbregistr,1
swedish,1
garant,1
waitaki,1
genereren,1
snapshot,1
mainstay,1
emberj,1
labor,1
5g,1
urlaubstag,1
zukünftigen,1
intellij,1
unsung,1
viewpoint,1
diept,1
hash,1
streber,1
gitt,1
voorraad,1
citrusbyt,1
klaar,1
aboard,1
duplic,1
0299,1
vollzeitihr,1
referr,1
fact,1
restaur,1
termin,1
mate,1
hackerrank,1
europa,1
beoordelen,1
aanwezig,1
reinvigor,1
säkerställa,1
changer,1
patent,1
reshap,1
grobler,1
atlassian,1
weiteren,1
dynamischen,1
nieuwsgierig,1
ambitieuz,1
barrier,1
sync,1
wöchentlichen,1
septa,1
cra,1
revolution,1
2d,1
flest,1
ontwerpt,1
underli,1
verbeterd,1
unconsci,1
verbet,1
faculti,1
kortar,1
builder,1
operationeel,1
symfony2,1
0-2,1
neben,1
2651196,1
critiqu,1
ibm-tool,1
sig,1
hobbit,1
teknolog,1
likelihood,1
brink,1
myriad,1
outlet,1
930357,1
arjo-1712-47237,1
behoeft,1
leas,1
deliber,1
liberti,1
neu,1
ewm,1
0s,1
hard-work,1
mathematisch,1
egenskap,1
einsatz,1
multi-million,1
internationally-recognis,1
opposit,1
bound,1
preemin,1
growth-bas,1
in-offic,1
professorship,1
unseren,1
xxl,1
later-stag,1
a-list,1
scaleabl,1
kit,1
prosper,1
lectur,1
cluster,1
bachelor-,1
accordingli,1
mid-januari,1
vise,1
furthermor,1
ad-hoc,1
linux-bas,1
super-us,1
gedaan,1
studienmodel,1
særlig,1
vest,1
ønske,1
specialti,1
it-processen,1
onderken,1
rechten,1
advi,1
bag,1
indoor,1
2111,1
counter,1
modellen,1
resumé,1
creativiteit,1
repertoir,1
omvang,1
taxi,1
lära,1
ah_514871,1
gericht,1
tech-lov,1
mock-up,1
supping,1
apprentic,1
studienreferenten,1
mapper,1
gpu,1
weiter,1
perpetu,1
hoofd-,1
vullen,1
leveransen,1
teven,1
high-trust,1
high-achiev,1
honest,1
china,1
yen,1
moscowjob,1
ill,1
pi100466463,1
ft,1
gestalten,1
couchdb,1
rearrang,1
codedui,1
tesco,1
inspect,1
förändrat,1
opp,1
aandragen,1
supervisor,1
ner,1
søknadsfristen,1
gave,1
kløfta,1
laboratori,1
1101,1
chunk,1
integrationwork,1
physic,1
reizt,1
kräv,1
positiev,1
studeren,1
fortnum,1
miljoenen,1
relational,1
steg,1
aanmerkelijk,1
88430,1
infin,1
fach,1
952451,1
fuzzi,1
component-bas,1
cryptographi,1
datastor,1
helpen,1
hail,1
brede,1
premise-,1
uniformli,1
rush,1
systemutvikl,1
zorgen,1
ssc,1
gatl,1
nhibern,1
paden,1
toetsend,1
hen,1
invester,1
retriev,1
people-cent,1
waarvan,1
cannot,1
freistellung,1
ssa,1
quick-fir,1
1986,1
danish,1
sealstat,1
slim,1
digital,1
949970,1
strategisch,1
multi-award-win,1
illustr,1
polish,1
frame,1
300,1
ace,1
kanskj,1
kontinuerlig,1
branschen,1
ict-gerelateerd,1
ligg,1
m1103b,1
crossov,1
data-ori,1
sk925630a,1
ankit,1
cond,1
toepassen,1
espous,1
b,1
trip,1
conveni,1
conceptu,1
hook,1
elev,1
multi-billion,1
cryptograph,1
motivemot,1
jlpt,1
corebusi,1
town,1
technologiestack,1
dss,1
repo,1
enterprise-wid,1
fulford,1
geschrieben,1
manier,1
daadwerkelijk,1
self-organ,1
waarov,1
inriktningen,1
nimbl,1
verdiep,1
caught,1
90367,1
variabl,1
galaxi,1
cap,1
australian,1
mitwirkung,1
medarbetarna,1
pad,1
beargumenteerd,1
werkend,1
javascipt,1
473,1
stuff,1
lernbereitschaft,1
data-visualisati,1
crusti,1
hogehilweg,1
verantwoordelijkheid,1
overheidsdatacent,1
saas-bas,1
batteri,1
weken,1
rout,1
cryptocurr,1
world-first,1
5-year,1
characterist,1
bancair,1
payfield,1
mysteryland,1
herinn,1
pi100624228,1
fundrais,1
arbeidsgiv,1
athlet,1
weer,1
denkt,1
multi-languag,1
2471309,1
shop,1
computational-experiment,1
oerhört,1
frank,1
gross,1
verrassen,1
michel,1
cruis,1
teknikk,1
header,1
växand,1
förbättra,1
co-work,1
pronounc,1
yoga,1
breakfast,1
soapui,1
javaspr,1
2640487,1
partial,1
zero,1
scala,1
definiert,1
89887,1
simpler,1
attain,1
oscar,1
unik,1
api-first,1
urvals-,1
viewabl,1
andr,1
okhttp,1
präferenz,1
foran,1
blog,1
duckworth,1
kosten,1
vermogen,1
voelt,1
wearabl,1
113353353,1
1180,1
jeweilig,1
förändra,1
hoog,1
neurosci,1
idealerweis,1
sollicitatieprocedured,1
anerkj,1
maxbo,1
meetbar,1
selv,1
poor,1
fourth,1
highland,1
wsgi,1
hoder,1
499,1
beschikbar,1
taonga,1
noen,1
wertvol,1
hci,1
949335,1
annen,1
beispielsweis,1
high-load,1
yong,1
pie,1
reveal,1
big-nam,1
bloat,1
utdannels,1
burnout,1
verand,1
tough,1
musterrecruit,1
auswahl,1
tosca,1
deelt,1
unity3d,1
nich,1
knock,1
aktivt,1
draft,1
gi,1
obj-c,1
cheer,1
three-sid,1
intress,1
spammi,1
proposit,1
gelijkwaardig,1
bruggen,1
uavhengig,1
cqr,1
dataflytdesign,1
unusu,1
løsningen,1
werkplek,1
tillsatt,1
sammeln,1
patern,1
mission-driven,1
relati,1
beschikken,1
dezelfd,1
whanau-lik,1
dialogen,1
14,1
false-posit,1
storm,1
high-avail,1
academia,1
non-tradit,1
traction,1
ontdekken,1
spinoff,1
footprint,1
southeast,1
laurenzi,1
tid-,1
avenu,1
mm_545717,1
hoteltonight,1
stylish,1
leverera,1
87548,1
financiël,1
selvstendig,1
ii,1
technology-rich,1
posh,1
naturlig,1
betalen,1
walton,1
winform,1
odd,1
api-driven,1
rdbm,1
speel,1
rockefel,1
betrouwbar,1
andi,1
zero-premium,1
indefinit,1
medarbeider,1
förderung,1
outlook,1
employer-fund,1
east,1
recognit,1
allt,1
concret,1
dimension,1
besid,1
stap,1
bestaand,1
5-month,1
utgjør,1
ticket,1
festen,1
printer,1
studienzweck,1
ara-recognis,1
medium-,1
onsit,1
emphasis,1
talangfulla,1
sett,1
jmeter,1
higher-level,1
walk-through,1
hänger,1
spearhead,1
gehel,1
zullen,1
formerli,1
venu,1
commenc,1
technology-,1
positivt,1
marshal,1
arcgi,1
arbeitserfahrung,1
slice,1
sem,1
guest,1
datenbanken,1
betydand,1
apostroph,1
brighton,1
appar,1
fullstendig,1
internation,1
border,1
hayden,1
hörd,1
innovativt,1
sqa,1
moder,1
alltid,1
physician,1
rid,1
pa,1
household,1
bold,1
fagområdet,1
omzetten,1
egn,1
rel,1
vurder,1
legger,1
nära,1
bijt,1
hoppa,1
neo4j,1
-work,1
sticker,1
dankzij,1
visjon,1
cloud-comput,1
veldig,1
gedegen,1
touchston,1
intercom,1
spännand,1
sewer,1
game-chang,1
2499,1
89412,1
technologi,1
2492,1
eigenschappen,1
co-creat,1
prachtig,1
pagerduti,1
beheer-,1
afgelopen,1
aangiftecampagn,1
februari,1
headcount,1
90235,1
els,1
groot,1
dutch,1
cit,1
on-the-fli,1
inschattingen,1
namen,1
skole,1
teamfit,1
spectacular,1
jvm,1
neurotechnolog,1
firmwar,1
wa,1
abus,1
garner,1
highly-scal,1
vooral,1
86250,1
cpo,1
diskuterar,1
wcf,1
deter,1
401k,1
ondernemen,1
ood,1
thank,1
suburban,1
lönsam,1
cs,1
tilvekst,1
gezamenlijk,1
vertex,1
økning,1
grey,1
ontwikkelingstrajecten,1
innovativa,1
protobuff,1
baylor,1
nearli,1
afnem,1
toegangsoplossingen,1
kijk,1
generelt,1
hike,1
revolutionis,1
donat,1
unfamiliar,1
world-known,1
borrow,1
hyphen,1
fingerprint,1
veiligstellen,1
umsetzung,1
clarifi,1
pig,1
än,1
immers,1
agojo-1712-47223,1
legen,1
umfangreich,1
practis,1
webpack,1
fl,1
occas,1
richtig,1
detail-ori,1
superannu,1
one-stop-shop,1
imagin,1
t-sql,1
ontwikkelt,1
high-profil,1
desk,1
boston,1
uten,1
opnemen,1
mould,1
explan,1
leveranci,1
draag,1
buildmast,1
exam,1
verdiend,1
israel,1
undertaken,1
edx,1
virtuou,1
decreas,1
tekniskt,1
928,1
nangalia,1
267,1
bygger,1
productontwikkel,1
angesiedelt,1
arkitekturmönst,1
sageview,1
937277,1
unrel,1
2517,1
top-down,1
easy-to-understand,1
ever-increas,1
forum,1
praktischen,1
delmomenten,1
cumul,1
chatbot,1
fremov,1
delivery-focus,1
handheld,1
productieomgev,1
calib,1
verbindend,1
fine,1
virksomhet,1
bug-track,1
empath,1
vekstfas,1
hyper-v,1
stamp,1
profess,1
90366,1
mq,1
technologieën,1
116319,1
odel,1
niveau,1
hartj,1
marketing-bas,1
high-energi,1
accompani,1
chief,1
tailor-mad,1
88268,1
data-analys,1
selbstständig,1
inrichtingstaken,1
end-point,1
outlin,1
netwerk,1
kloke,1
certain,1
miljö,1
116326,1
homepag,1
learning-focuss,1
kontoret,1
network-rel,1
behulp,1
zwart,1
krijgen,1
timesheet,1
liaison,1
skape,1
materiel,1
safer,1
burton,1
772,1
afdelingsmanag,1
pmo,1
trek,1
wel,1
singapor,1
öppnar,1
bygga,1
error,1
incorpor,1
watcho,1
canva,1
provost,1
arbetsplat,1
westpac,1
superhuman,1
uitgerust,1
matt,1
landschappen,1
xp,1
empir,1
oplev,1
eclect,1
outing,1
repeat,1
opportunit,1
redraw,1
12-15,1
teamspirit,1
föränderliga,1
lane,1
oosterpark,1
jacinta,1
tillit,1
-partner,1
lengd,1
igenom,1
varandra,1
prosess,1
sheppard,1
unterstützen,1
jh_545525,1
it-,1
lave,1
shortag,1
joint,1
applianc,1
besvara,1
geldstroom,1
systemarkitekt,1
convent,1
0800,1
949964,1
it-omgevingen,1
anbefal,1
tamper,1
systemutvikler,1
low-level,1
ruim,1
cleanli,1
hbo,1
116321,1
impair,1
vad,1
demo,1
nzx,1
standards-bas,1
voordoen,1
denn,1
altern,1
blast,1
block,1
rätt,1
fail,1
overhead,1
multinod,1
schritt,1
invis,1
annot,1
production-ori,1
471,1
moodl,1
track-record,1
90000,1
aanspreekpunt,1
initiativrik,1
distract,1
supplement,1
gevestigd,1
brilliant,1
lit,1
ona,1
it-bezogenen,1
interesser,1
lend,1
parameter,1
coachen,1
wheel,1
gewerkt,1
viral,1
limitless,1
lycka,1
industry-first,1
lose,1
kjennskap,1
japan,1
bygg,1
lender,1
doe,1
tråd,1
proxi,1
heel,1
bitcoin,1
af,1
deployen,1
kundetilpassed,1
symbool,1
afdelingen,1
lol,1
dml,1
vacaturenumm,1
culmin,1
ict-tool,1
asymmetr,1
pinot,1
betingels,1
psychologist,1
warburg,1
2-day,1
bicultur,1
speelt,1
oblig,1
unreason,1
dessa,1
belangen,1
subsidiari,1
eksisterend,1
lang,1
iet,1
1-4,1
4455,1
spare,1
high-calibr,1
spannend,1
noir,1
behoud,1
monet,1
methodologieën,1
procesmatig,1
industry-lead,1
sosial,1
treliant,1
ambisiøst,1
compli,1
sist,1
innan,1
overheidsorganisati,1
underscor,1
små,1
organismen,1
veertig,1
konsultrol,1
hjelp,1
deinem,1
opgebouwd,1
70178,1
macho,1
d3,1
sneller,1
hierin,1
rough,1
vaardig,1
26,1
bewerbungsunterlagen,1
kreativpausen,1
stark,1
zenhub,1
kwantitatiev,1
surgic,1
høre,1
ondergebracht,1
justic,1
microservice-bas,1
indulg,1
verzorgt,1
detaljhandeln,1
ansvaret,1
miljøet,1
mañana,1
moderna,1
brought,1
schriftelijk,1
belong,1
toegangscontrol,1
wachten,1
verkar,1
riktig,1
fosus,1
tenslott,1
entertain,1
kunnskap,1
sannsynlig,1
on-job,1
13e,1
närhet,1
113354361,1
mostly-agil,1
ingang,1
represent,1
aptitud,1
song,1
må,1
logisch,1
it-rel,1
bhsai,1
it-kenni,1
deciph,1
javaunbefristet,1
overtuigingskracht,1
annat,1
functioneren,1
enkel,1
steel,1
volgend,1
dimens,1
maandsalarismin,1
cold,1
newly-integr,1
world-beat,1
opencv,1
modernen,1
2497,1
geolied,1
gamer,1
avgjørend,1
engineerth,1
desk-bas,1
es,1
beginn,1
trade-off,1
yahoo,1
gepland,1
infer,1
future-proof,1
intens,1
roda,1
born,1
sollicitatiegesprekken,1
understood,1
sine,1
invlo,1
groom,1
zaken,1
festiv,1
seemingli,1
ea070,1
unchart,1
platformen,1
1s,1
bochum,1
0028,1
intrinsisch,1
frågar,1
dataset,1
chomp,1
curios,1
før,1
deltakels,1
harm,1
sporen,1
taken,1
layer,1
card,1
websphereen,1
onderhoudt,1
forkant,1
corel,1
2522,1
vorm,1
bestuurskund,1
allerlei,1
fag-,1
ra,1
sentral,1
leiden,1
projektledar,1
takt,1
befit,1
food,1
tuesday,1
tradeoff,1
derett,1
juist,1
angelegt,1
flexi,1
mrg,1
greef,1
kjennetegn,1
specifi,1
jqueryui,1
cmd,1
storyboard,1
motsvarand,1
uitvoeren,1
insul,1
gp,1
zen,1
fått,1
bijdragen,1
eisen,1
ipad,1
charact,1
x2,1
visualis,1
genomsnitt,1
methodiek,1
vastbijt,1
mike,1
integreren,1
frontlinjen,1
itsm,1
2636279,1
elbow,1
emr,1
otherwis,1
near,1
rekordartat,1
cooki,1
cogno,1
jag,1
predominantli,1
waarme,1
garanti,1
csh,1
descart,1
can-do,1
beheren,1
870,1
kjernekompetans,1
4-6,1
summarycbr,1
evenli,1
voks,1
beti,1
arbeitsklima,1
functieomschrijvingwil,1
teresa,1
seg,1
korter,1
450,1
toe,1
embedden,1
kandidat,1
boot,1
hierbij,1
nearbi,1
påverka,1
godt,1
stand-up,1
arbeitest,1
http,1
crash-fre,1
haughton,1
