experience,849
development,560
team,555
software,372
working,351
en,331
web,263
je,260
design,252
skills,234
de,224
knowledge,220
product,211
van,208
technical,205
company,203
een,193
strong,189
years,189
developer,188
applicants,185
environment,178
people,171
agile,165
business,162
het,161
technology,161
apply,158
valid,152
digital,148
best,145
services,144
help,142
across,141
computer,141
applications,138
data,138
using,136
solutions,136
ability,132
support,132
developers,132
like,127
information,127
senior,126
code,125
get,123
application,120
projects,120
technologies,120
part,120
systems,118
excellent,115
make,115
understanding,113
based,113
cloud,112
including,111
build,110
within,109
time,104
management,104
user,103
high,103
test,102
take,101
provide,100
must,98
testing,98
engineering,98
need,97
leading,95
building,93
developing,93
would,92
opportunities,91
develop,91
experienced,90
communication,90
system,87
mobile,87
tools,86
och,86
met,85
javascript,85
innovative,85
key,84
growing,84
products,83
du,82
create,81
project,80
right,80
network,79
teams,79
relevant,78
engineer,78
java,78
degree,77
office,77
ensure,77
highly,77
every,77
love,76
platform,76
op,76
focus,75
open,75
clients,74
quality,74
complex,74
full,74
able,74
security,73
responsible,72
want,71
deliver,70
organisation,70
candidates,70
te,69
use,69
requirements,69
passion,68
successful,68
og,67
med,67
customer,66
culture,66
offer,66
level,66
least,66
lead,66
programming,65
related,65
collaborative,65
training,64
delivery,64
als,64
integration,63
learning,63
service,63
ux,63
multiple,63
value,63
stack,63
som,62
client,61
architecture,61
ideas,60
around,60
improve,60
things,59
om,58
practices,58
react,58
die,58
und,57
voor,56
core,56
global,56
considered,56
passionate,56
required,55
grow,55
contact,55
may,55
delivering,54
process,54
engineers,54
modern,53
learn,53
scrum,51
end,51
impact,51
apps,50
benefits,50
science,50
industry,50
continuous,50
front-end,49
closely,49
believe,49
equal,49
big,49
enjoy,49
av,48
solid,48
flexible,48
large,48
market,48
source,48
professional,47
performance,47
following,47
customers,47
providing,47
recruitment,46
research,46
available,46
come,46
range,46
include,46
production,46
sql,46
talented,46
future,45
free,45
growth,45
hear,45
start,45
written,45
maintain,45
processes,44
small,44
problems,44
members,44
latest,44
commercial,44
health,44
features,44
employment,43
making,43
personal,43
kan,43
jouw,43
aws,43
implementation,43
way,43
understand,43
leadership,42
look,42
driven,42
interested,42
internal,42
top,42
focused,42
creative,42
currently,42
meet,41
fujitsu,41
att,41
p?,41
problem,41
approach,41
jij,41
values,41
national,41
dynamic,41
unique,40
world,40
bring,40
solution,40
contract,40
android,40
hands-on,40
backend,40
similar,40
edge,39
dat,39
permanent,39
proven,39
variety,39
public,39
know,39
front,38
online,38
success,38
needs,38
tech,38
send,38
background,38
er,38
hebt,38
salary,38
proud,37
per,37
next,37
alongside,37
automation,37
involved,37
ios,37
drive,37
enterprise,37
expert,37
think,36
analytics,36
database,36
talent,36
existing,36
first,36
api,36
chance,36
operations,36
awesome,36
current,36
employer,36
devops,36
contribute,35
share,35
python,35
roles,35
users,35
har,35
tasks,35
creating,35
analysis,35
responsibilities,35
social,35
?r,35
vi,35
fast,35
see,34
niet,34
writing,34
call,34
diverse,34
comfortable,34
paid,34
via,34
frameworks,34
cyber,34
bij,33
interest,33
frontend,33
competitive,33
minimum,33
thrive,33
plus,33
active,33
ideal,33
diversity,33
expertise,33
framework,33
wij,33
plan,33
deze,33
app,32
collaborate,32
infrastructure,32
platforms,32
place,32
solve,32
f?r,32
used,32
write,32
group,32
many,32
aan,32
real,32
familiarity,32
designing,32
different,32
leader,31
central,31
mission,31
der,31
achieve,31
agency,31
email,30
architect,30
sexual,30
qualifications,30
staff,30
bent,30
scale,30
critical,30
field,30
much,30
strategy,30
version,30
companies,30
daily,29
change,29
early,29
set,29
basis,29
education,29
months,29
hours,29
international,29
ateles,29
hiring,28
website,28
manage,28
google,28
external,28
startup,28
sprint,28
control,28
forward,28
wordt,28
hard,28
solving,28
vision,28
order,28
really,28
disability,27
organization,27
wider,27
planning,27
environments,27
language,27
visit,27
silverstripe,27
care,27
helping,27
note,27
established,27
changing,27
go,27
decisions,27
equivalent,27
site,27
identify,27
life,26
empower,26
naar,26
bonus,26
maintenance,26
exposure,26
award,26
wide,26
meer,26
link,26
attitude,26
languages,26
automated,26
important,26
committed,26
encourage,26
participate,26
php,26
content,26
confidential,26
mentoring,26
specific,25
collaboration,25
january,25
verbal,25
positions,25
better,25
rest,25
various,25
employees,25
till,25
comes,25
beyond,25
outstanding,25
strategic,25
positive,25
distributed,25
tests,25
concepts,25
space,25
maintaining,25
analytical,25
ontario,25
ownership,25
potential,25
academic,25
unit,24
last,24
zijn,24
familiar,24
desire,24
server,24
huge,24
requires,24
ibm,24
sharing,24
ui,24
ook,24
ready,24
marketplace,24
responsive,24
ensuring,24
operate,24
willing,24
find,24
challenge,24
supporting,24
results,23
reach,23
functional,23
back,23
regular,23
player,23
located,23
without,23
communicate,23
exceptional,23
insurance,23
architectural,23
location,23
actively,23
kennis,23
apis,23
onze,23
experiences,23
ben,23
circleci,23
area,23
standards,23
challenges,23
fun,23
friendly,22
managing,22
keen,22
click,22
close,22
cover,22
beautiful,22
relationships,22
significant,22
native,22
deep,22
feedback,22
live,22
smart,22
community,22
responsibility,22
offers,22
microsoft,22
deployment,22
government,22
fantastic,22
year,22
champion,21
corporate,21
done,21
contributing,21
thinking,21
preferred,21
issues,21
aspects,21
word,21
general,21
require,21
marital,21
coffee,21
analyst,21
line,21
?,21
appropriate,21
fit,21
others,21
defense,21
events,21
inclusive,21
towards,21
skill,21
effective,21
submit,21
individuals,21
operating,21
individual,20
full-stack,20
cutting,20
due,20
fruit,20
hands,20
access,20
getting,20
built,20
web-based,20
methodologies,20
students,20
interesting,20
could,20
workplaces,20
css,20
english,20
together,20
document,20
fast-moving,20
record,20
medical,20
recognised,20
play,20
saas,19
mit,19
uit,19
driving,19
constantly,19
proficiency,19
extra,19
restful,19
assist,19
thousands,19
attention,19
list,19
always,19
formal,19
visual,19
rapidly,19
got,19
essential,19
extensive,19
energy,19
keep,19
quickly,19
prior,19
detail,19
ms,19
brand,19
mentor,19
arbeidsvoorwaarden,19
afraid,19
hold,19
engage,19
busiest,19
windows,18
viglink,18
master,18
review,18
areas,18
financial,18
sounds,18
search,18
connecting,18
takes,18
machine,18
manager,18
continue,18
continued,18
given,18
excited,18
aantal,18
provided,18
scalable,18
sollicitatie,18
format,18
subject,18
previous,18
partner,18
willingness,18
ideally,18
commitment,18
flexibility,18
fast-paced,18
offering,18
course,18
leads,18
along,18
innovation,18
det,18
azure,18
taking,18
something,18
gender,18
week,18
databases,18
tot,17
components,17
recruiting,17
ongoing,17
ref,17
fully,17
nieuwe,17
capabilities,17
largest,17
visiting,17
letter,17
dev,17
enable,17
vibrant,17
perform,17
efficient,17
discriminate,17
networking,17
check,17
finalist,17
result,17
define,17
page,17
continuously,17
day,17
netsuite,17
completion,17
healthcare,17
stakeholders,17
long,17
move,17
den,17
store,17
din,17
intended,17
implement,17
businesses,17
expect,17
reflect,17
git,17
program,17
linux,16
interfaces,16
belastingdienst,16
im,16
weeks,16
additional,16
technische,16
progression,16
plans,16
advanced,16
package,16
become,16
documentation,16
proficient,16
consulting,16
kenexa,16
motivated,16
questions,16
sound,16
initiatives,16
encourages,16
skilled,16
show,16
coding,16
return,16
receive,16
accordance,16
ervaring,16
integrate,16
direction,16
dan,16
succeed,16
til,16
wil,16
even,16
clear,16
pay,16
resources,16
profile,16
intelligence,16
2018,16
mvc,16
designers,16
dig,16
deploy,16
power,16
short,16
improving,15
possible,15
soon,15
budget,15
programs,15
number,15
happy,15
helps,15
run,15
practical,15
member,15
term,15
give,15
expand,15
healthy,15
created,15
execute,15
local,15
advantage,15
requirement,15
eller,15
complete,15
date,15
room,15
sites,15
embedded,15
principles,15
basic,15
capable,15
broad,15
improvement,15
html,15
guide,15
worked,15
heart,15
challenging,15
collaborating,15
millions,15
reviews,15
status,15
track,15
nav,15
marketing,15
cbre,14
effectively,14
deel,14
university,14
custom,14
rails,14
remote,14
mee,14
founded,14
techniques,14
communications,14
regarding,14
ruby,14
professionals,14
choice,14
blockchain,14
particularly,14
energetic,14
scripting,14
enthusiastic,14
generation,14
fire,14
ett,14
worden,14
single,14
details,14
throughout,14
designed,14
usability,14
bunch,14
game,14
pride,14
managers,14
plenty,14
feel,14
nog,14
cbd,14
decision,14
spring,14
includes,13
demonstrate,13
functionality,13
addition,13
changes,13
colleagues,13
shaping,13
outside,13
libraries,13
inom,13
wat,13
video,13
offices,13
docker,13
cross-functional,13
adaptable,13
robust,13
kunnen,13
ground,13
?n,13
clearly,13
class,13
carving,13
display,13
oriented,13
guidance,13
goals,13
feature,13
demonstrated,13
works,13
button,13
strategies,13
applicable,13
center,13
less,13
evolving,13
practice,13
insights,13
base,13
wir,13
supportive,13
provides,13
internet,13
levels,13
apple,13
view,13
overall,13
engine,13
mysql,13
main,13
implementing,13
family,13
stay,13
winning,13
nice,13
in-depth,13
several,13
common,13
everything,13
freedom,12
already,12
completed,12
regularly,12
nsa,12
goal,12
mix,12
contacted,12
san,12
performing,12
warfare,12
input,12
start-up,12
lots,12
foreign,12
states,12
door,12
break,12
processing,12
add,12
activities,12
legal,12
partners,12
rare,12
technically,12
speed,12
importance,12
ambitious,12
behandeling,12
integrating,12
junior,12
amazon,12
maken,12
et,12
500,12
embrace,12
drop,12
means,12
stomach,12
unix,12
deploying,12
uren,12
lot,12
rijksoverheid,12
action,12
today,12
empowered,12
read,12
craft,12
leave,12
trusted,12
listed,12
orientation,12
specifications,12
volume,12
js,12
count,12
emerging,12
angular,12
joining,12
hit,12
bijvoorbeeld,12
put,12
interview,12
dynamics,12
micro,12
pitch,12
intermediate,12
dental,12
challenged,12
interaction,12
builds,12
testers,12
directly,12
seriously,11
jquery,11
possibly,11
never,11
desirable,11
conferences,11
tj?nsten,11
veteran,11
young,11
relation,11
touch,11
sets,11
flat,11
back-end,11
couple,11
either,11
turn,11
optimal,11
vragen,11
seek,11
former,11
primarily,11
einer,11
proceed,11
gaat,11
dedicated,11
entire,11
ons,11
made,11
methodology,11
major,11
etc,11
ist,11
resume,11
f?r,11
welcome,11
voorkeur,11
everyone,11
united,11
ways,11
mobility,11
days,11
military,11
monitoring,11
defined,11
einem,11
d?r,11
inclusion,11
execution,11
lives,11
devices,11
ser,11
developed,11
step,11
tdd,11
present,11
combination,11
von,11
zowel,11
strive,11
resolve,11
designs,11
lunch,11
rely,11
graag,11
vacation,11
alle,11
shortlisted,10
interviewing,10
goed,10
enables,10
month,10
binnen,10
interface,10
operational,10
oss,10
structure,10
facing,10
recent,10
automate,10
example,10
nodejs,10
super,10
assigned,10
city,10
interact,10
side,10
ecommerce,10
protected,10
easy,10
brands,10
expected,10
analysts,10
rol,10
report,10
enjoys,10
behind,10
hebben,10
street,10
discussion,10
meaningful,10
investment,10
full-time,10
makes,10
quick,10
cloud-based,10
administration,10
story,10
startups,10
documents,10
talk,10
debugging,10
dod,10
deg,10
reliability,10
target,10
coaching,10
object,10
known,10
studio,10
releases,10
locally,10
world-class,10
server-side,10
seen,10
fresh,10
sure,10
advice,10
qualification,10
increase,10
foster,10
unsolicited,10
relational,10
spend,10
guild,10
backed,10
personnel,10
form,10
becoming,10
london,10
zich,10
in-house,10
choose,10
dependent,10
annual,10
point,10
advocate,10
regardless,10
hos,10
b?de,10
scope,10
hunt,10
keeping,10
immediate,10
programme,10
mid,10
secure,10
capability,10
closing,10
interpersonal,10
offered,10
copy,10
demands,10
places,10
microservices,10
vacature,10
transformation,9
matter,9
guidelines,9
recruit,9
student,9
leaders,9
property,9
qualified,9
deadlines,9
biggest,9
specialist,9
productivity,9
patterns,9
retail,9
thrives,9
12,9
programmatic,9
sowie,9
seine,9
xero,9
rather,9
vara,9
kunt,9
availability,9
omgeving,9
real-time,9
websites,9
shape,9
zoals,9
running,9
human,9
optimization,9
push,9
balance,9
japanese,9
heb,9
fortune,9
accommodation,9
possess,9
beschikt,9
venture,9
outcomes,9
pension,9
minimaal,9
hundreds,9
utilizing,9
procedures,9
organizational,9
setting,9
tertiary,9
improvements,9
werken,9
forms,9
assurance,9
integrated,9
cycle,9
graduate,9
accept,9
teach,9
especially,9
treated,9
truly,9
staat,9
description,9
dit,9
geen,9
coming,9
privacy,9
vulnerability,9
dcips,9
trust,9
reference,9
likes,9
policies,9
supports,9
manually,9
upon,9
problemen,9
period,9
sli,9
rapid,9
brief,9
department,9
hire,9
naast,9
sterk,9
assessment,9
restrictions,9
francisco,9
onder,9
optimising,9
prioritize,9
clicking,9
ontwikkelen,9
capacity,9
independently,9
attend,9
collaboratively,9
contributions,9
travel,9
approaches,9
deal,9
vil,9
home,9
functions,8
analyze,8
creation,8
serve,8
duties,8
compliance,8
ak,8
organisations,8
efficiently,8
effort,8
object-oriented,8
jezelf,8
style,8
applied,8
asked,8
silverstripers,8
aanleiding,8
party,8
ever,8
media,8
quantitative,8
fundamentals,8
old,8
advertising,8
sap,8
constant,8
fluent,8
independent,8
uses,8
detailed,8
des,8
pipelines,8
affirmative,8
na,8
trading,8
model,8
updated,8
fintech,8
github,8
priority,8
jane,8
honesty,8
allow,8
legally,8
miss,8
needed,8
acceptable,8
trends,8
40,8
forefront,8
l?sningar,8
v?ra,8
ci,8
executive,8
sell,8
worldwide,8
mogelijk,8
acquisitie,8
infrastructuur,8
3d,8
fields,8
connect,8
consistently,8
past,8
points,8
dirty,8
deeply,8
massive,8
private,8
resource,8
samen,8
manner,8
stories,8
rate,8
owner,8
attractive,8
natural,8
reporting,8
producing,8
amount,8
heavily,8
produce,8
drinks,8
adding,8
encouraged,8
foundation,8
account,8
e-commerce,8
perfect,8
mer,8
valued,8
benefit,8
generous,8
easily,8
let,8
enhance,8
low,8
continually,8
electrical,8
troubleshooting,8
communicator,8
release,8
viewed,8
championing,8
up-to-date,8
enough,8
jenkins,8
fill,8
direct,8
interacting,8
led,8
ranging,8
designer,8
reviewing,8
maintains,8
transforming,8
dus,8
plays,8
primary,8
v?r,8
production-ready,8
long-term,8
tempus,8
bugs,8
prijs,8
applying,8
establish,8
identity,8
eine,8
extremely,8
houd,8
hardware,8
day-to-day,8
ship,8
04,8
entitled,8
beneficial,8
limited,8
red,8
emobility,8
necessary,8
banking,8
examples,8
voice,8
programmes,8
influence,8
keeps,8
fastest,8
samenwerken,8
strictest,8
europe,7
maakt,7
cigna,7
purpose,7
hecht,7
auf,7
starting,7
third,7
final,7
assisting,7
interviews,7
utilising,7
represent,7
ein,7
nya,7
consider,7
selenium,7
b2b,7
forget,7
doet,7
standard,7
whattam,7
vilket,7
australia,7
reasonable,7
majority,7
delivered,7
function,7
accomplish,7
penetration,7
emails,7
artist,7
reputation,7
erfahrung,7
functie-eisen,7
scheme,7
act,7
bridge,7
suite,7
genoemde,7
engaging,7
black,7
handle,7
responses,7
preferably,7
board,7
autonomous,7
vinden,7
undergraduate,7
importantly,7
whole,7
house,7
laura,7
braincheck,7
friday,7
easier,7
qa,7
tool,7
aansluiten,7
cognitive,7
analyse,7
striving,7
cutting-edge,7
rock,7
pragmatic,7
computational,7
lean,7
often,7
kun,7
history,7
productive,7
actually,7
reliable,7
remotely,7
spennende,7
journey,7
roadmap,7
equally,7
opgestelde,7
hiermee,7
sense,7
emphasis,7
ods,7
nosql,7
specifically,7
18,7
staffing,7
excellence,7
tight,7
reimbursement,7
daarvoor,7
salaris,7
heeft,7
das,7
tourism,7
610,7
parallel,7
retirement,7
average,7
comprehensive,7
mac,7
uitmaken,7
owned,7
perks,7
atmosphere,7
soap,7
groei,7
steeds,7
relationship,7
analyseren,7
hand,7
ze,7
initiative,7
section,7
cultures,7
address,7
requests,7
bit,7
hosting,7
peers,7
innovate,7
providers,7
evaluate,7
constructive,7
browser,7
evolve,7
schedule,7
b2c,7
difference,7
samenstellen,7
focusing,7
defensive,7
pureapplication,7
workflow,7
uk,7
speak,7
beroep,7
response,7
clean,7
solliciteren,7
optimisation,7
channels,7
moving,7
meeting,7
era,7
behavior,7
einen,7
arbetar,7
self,7
compugroup,7
monthly,7
eus,7
improved,7
andere,7
mark,7
faster,7
path,7
sustainable,7
protect,7
oder,7
recommendations,7
compensation,7
pick,7
tasked,7
s?som,7
title,7
apache,7
kubernetes,7
jaar,7
alfie,7
initial,7
acceptance,7
persoonlijke,7
offensive,7
daarom,7
s?ker,7
kommer,7
paced,7
vaste,7
vergoeding,7
graphic,6
genuinely,6
verder,6
sector,6
large-scale,6
werkt,6
tal,6
rewarding,6
wacht,6
sociale,6
creativity,6
kunskaper,6
finding,6
studiefaciliteiten,6
computing,6
larger,6
hela,6
maximaal,6
rekening,6
wie,6
away,6
arbete,6
partnering,6
jcac,6
teaching,6
gedrag,6
higher,6
giving,6
genius,6
betrekking,6
vermeld,6
stuck,6
rekenen,6
beschouwing,6
kotlin,6
dienstverband,6
bay,6
self-motivated,6
krijg,6
respond,6
consumer,6
conditions,6
vacancies,6
meant,6
ministry,6
determine,6
reviewed,6
roll,6
civilian,6
algorithms,6
true,6
sensible,6
f?r,6
publishers,6
individuele,6
head,6
afspraken,6
expectations,6
mapping,6
behoren,6
hiervoor,6
arbeta,6
fra,6
consistent,6
non-technical,6
relating,6
problem-solving,6
frequent,6
worth,6
pieces,6
offense,6
disclosed,6
cto,6
oversee,6
zusammenarbeit,6
laws,6
gather,6
aanstelling,6
sales,6
thoughtful,6
eye,6
kandidaten,6
expanding,6
helpful,6
explain,6
staying,6
shore,6
efforts,6
oral,6
squad,6
laatste,6
device,6
angularjs,6
motivatiebrief,6
25,6
bringing,6
genomen,6
zo,6
experts,6
completely,6
summer,6
strongly,6
09,6
8200,6
grade,6
exploitatie,6
profiles,6
associated,6
alleen,6
competencies,6
werknemers,6
element,6
geldende,6
kopie,6
mint,6
medewerkers,6
ta,6
peer,6
intellectual,6
bijzonderheden,6
kunder,6
bei,6
signing,6
zu,6
measures,6
producten,6
applicaties,6
vasco,6
conform,6
hosten,6
volgt,6
disciplined,6
crucial,6
engagement,6
however,6
summary,6
verwachten,6
documenting,6
projecten,6
word-,6
referenties,6
blijven,6
gebied,6
omtrent,6
client-facing,6
assets,6
ask,6
pursuit,6
erp,6
stunning,6
grasp,6
networks,6
destination,6
hearing,6
architectures,6
beschikking,6
sluitingsdatum,6
opvragen,6
reageert,6
cross,6
well-versed,6
overige,6
innen,6
pipeline,6
headquartered,6
arxan,6
integrations,6
contracting,6
might,6
excepted,6
mest,6
trained,6
20-24,6
executing,6
biedt,6
?r,6
duidelijk,6
uns,6
school,6
games,6
provider,6
secundaire,6
artwork,6
inspiring,6
released,6
recently,6
oo,6
reageren,6
h?r,6
methods,6
groups,6
phone,6
jobba,6
17,6
possibilities,6
2108,6
adhere,6
flow,6
charging,6
tax,6
covering,6
body,6
entry,6
verklaring,6
advancement,6
supervision,6
owners,6
10-14,6
upcoming,6
ai,6
scoping,6
facilitate,6
waarna,6
elastic,6
stuur,6
unlimited,6
keuzemogelijkheden,6
ditt,6
topics,6
logic,6
integer,6
kiwis,6
fr?n,6
maar,6
roosevelt,6
schools,6
redux,6
lifecycle,6
catered,6
domain,6
36,6
sources,6
buy,6
simple,6
malcolm,6
verantwoordelijk,6
logical,6
ontvangen,6
vakantiegeld,6
meest,6
dina,6
high-quality,6
portfolio,6
topic,6
loopbaanontwikkeling,6
received,6
beginning,5
sees,5
nu,5
output,5
discussions,5
vendors,5
shift,5
desired,5
pressure,5
presence,5
resumes,5
20,5
consuming,5
ontwikkeling,5
humble,5
draw,5
determining,5
prepare,5
zum,5
administrator,5
handshake,5
entity,5
cvs,5
material,5
customer-centric,5
commission,5
courses,5
accurately,5
ontarians,5
stages,5
salarisniveau,5
connected,5
investigation,5
end-to-end,5
soft,5
educational,5
liefst,5
screening,5
horizontale,5
desktop,5
?ber,5
stanford,5
implemented,5
resulting,5
completing,5
oracle,5
steps,5
numerous,5
strength,5
incident,5
departments,5
gone,5
hourly,5
upp,5
beheerst,5
professionalism,5
maandsalaris,5
little,5
reputable,5
engagerade,5
preference,5
neemt,5
resultaatgerichtheid,5
eligible,5
combined,5
serving,5
fix,5
elements,5
art,5
universal,5
impressive,5
consultant,5
vill,5
migration,5
try,5
supplier,5
mentality,5
begin,5
inside,5
bieden,5
excitement,5
multi,5
tester,5
confident,5
del,5
gym,5
real-world,5
overseas,5
g?rna,5
siri,5
task,5
state,5
consideration,5
gute,5
competency,5
3rd,5
match,5
families,5
ansvar,5
proactive,5
second,5
participating,5
holiday,5
2-week,5
samt,5
intelligent,5
volunteer,5
face,5
beschik,5
avalara,5
invited,5
broader,5
possesses,5
s?,5
bleeding,5
scalability,5
schaal,5
newly,5
types,5
experiment,5
teammates,5
communities,5
informal,5
type,5
successfully,5
bragging,5
command,5
calls,5
--,5
iterative,5
assess,5
reports,5
bonuses,5
greater,5
semester,5
sleeves,5
patients,5
commute,5
phases,5
car,5
progressive,5
moovel,5
innomaster,5
flexibel,5
cool,5
artificial,5
useful,5
veel,5
stillingen,5
strengths,5
equity,5
produced,5
interactive,5
folks,5
kring,5
explore,5
affordable,5
dates,5
employ,5
name,5
updates,5
tens,5
managed,5
golang,5
pro,5
remuneration,5
lighthouse,5
bekend,5
mdm,5
sollicitatieproces,5
579,5
reguliere,5
occasionally,5
interactions,5
translating,5
later,5
objectives,5
nederlandse,5
1-2,5
markets,5
aim,5
automating,5
holidays,5
well-rounded,5
rwa,5
thereby,5
ocaml,5
buiten,5
trusting,5
prototypes,5
train,5
badger,5
fees,5
estate,5
accessibility,5
somebody,5
min,5
invest,5
semantic,5
highest,5
brings,5
spoken,5
produkter,5
monitor,5
definition,5
reason,5
dag,5
aligning,5
downtown,5
director,5
fixed,5
feels,5
wanting,5
ehealth-unternehmen,5
contribution,5
knows,5
varied,5
save,5
prepared,5
grown,5
integral,5
32,5
m?jligheter,5
mensen,5
embracing,5
links,5
proprietary,5
mycket,5
informasjon,5
advisor,5
zoek,5
communicatieve,5
toward,5
s?ker,5
drug,5
advert,5
scaling,5
going,5
goda,5
college,5
lookout,5
ad,5
raygun,5
busy,5
januarivacaturenummer,5
depending,5
dette,5
dir,5
adobe,5
spread,5
stakeholder,5
proactively,5
cost,5
carry,5
meetings,5
like-minded,5
apart,5
conducting,5
architecting,5
wants,5
awareness,5
ceo,5
teamwork,5
m?l,5
scripts,5
conception,5
suitable,5
sophisticated,5
ved,5
iot,5
valuable,5
configuration,5
popular,5
agents,5
offerings,5
stable,5
weekly,5
voorselectietest,5
symfony,5
solver,5
typically,5
interne,5
conducts,5
discounts,5
postgresql,5
zeer,5
enhancing,5
correct,5
handling,5
boost,5
contributor,5
direkt,5
moderne,5
parts,5
warehouse,5
eigen,5
work-life,5
genuine,5
pioneering,4
gaming,4
kind,4
risks,4
widely,4
regression,4
disabilities,4
vindt,4
altijd,4
artisan,4
instrumental,4
asurity,4
expense,4
contractor,4
dictated,4
portal,4
ventures,4
l?sninger,4
premier,4
weltweit,4
bedriften,4
holistic,4
event,4
allows,4
g?r,4
zelfontwikkeling,4
publisher,4
profit,4
series,4
case,4
scientific,4
partnerships,4
ny,4
choices,4
informatica,4
websphere,4
facets,4
renowned,4
tozny,4
ortec,4
html5,4
campuses,4
paktor,4
internt,4
adapt,4
activity,4
mobile-based,4
moment,4
participation,4
collegial,4
bli,4
m?jlighet,4
flere,4
applies,4
voted,4
temp,4
identifying,4
operated,4
figuring,4
organizations,4
inspire,4
economy,4
music,4
etwa,4
rocket,4
werktijden,4
spirit,4
verstoringen,4
grpc,4
gmbh,4
credited,4
encouraging,4
frequently,4
sie,4
superior,4
largely,4
empowering,4
379,4
portals,4
advantageous,4
satisfaction,4
governance,4
engaged,4
prevent,4
oplossingen,4
update,4
timely,4
unterst?tzung,4
net,4
clinical,4
dyktige,4
beheerder,4
sdlc,4
fundamental,4
refine,4
utilise,4
enthusiasm,4
bright,4
relevance,4
hybrid,4
certification,4
2017,4
auch,4
domein,4
camaraderie,4
experimentation,4
gevraagd,4
enligt,4
waar,4
sina,4
quarterly,4
cms,4
taal,4
ins,4
80-hour,4
shine,4
pre-sales,4
tailor,4
sent,4
revenue,4
innovations,4
requisition,4
goede,4
scaled,4
knockout,4
defining,4
consul,4
wordpress,4
involvement,4
?nsker,4
exceeding,4
paul,4
crafting,4
klantgerichtheid,4
multinational,4
adaptability,4
audiences,4
webservices,4
enhancements,4
buying,4
gained,4
load,4
investing,4
superb,4
swift,4
bear,4
simplify,4
os,4
selling,4
db2,4
krijgt,4
smooth,4
bra,4
cd,4
extended,4
appealing,4
bs,4
hot,4
david,4
presentation,4
manages,4
billions,4
hamburg,4
initially,4
promoting,4
tooling,4
technieken,4
chat,4
grown-up,4
zelfstandig,4
resolving,4
licence,4
anywhere,4
ego,4
coach,4
disciplines,4
coordinate,4
demonstrating,4
effectiveness,4
thriving,4
sourcing,4
well-known,4
living,4
books,4
robots,4
best-practices,4
tar,4
?ppen,4
css3,4
12-month,4
?ven,4
loves,4
multi-service,4
paas,4
objective-c,4
boast,4
utvecklare,4
defects,4
comparable,4
uppsatta,4
bovendien,4
seo,4
pers?nlichen,4
factory,4
4469,4
operation,4
on-call,4
palmgren,4
user-friendly,4
tackling,4
straightforward,4
jira,4
ninjas,4
institute,4
army,4
idea,4
innogy,4
integrity,4
laptop,4
demonstrates,4
streaming,4
god,4
underpinning,4
tutor,4
performant,4
difficult,4
centrum,4
wireframing,4
personality,4
etter,4
newest,4
stockholm,4
globally,4
respect,4
utveckling,4
actionable,4
abilities,4
book,4
gives,4
equipment,4
stars,4
bieten,4
planned,4
pursuing,4
schedules,4
option,4
incredibly,4
failure,4
specialists,4
rabbitmq,4
sker,4
programmers,4
l?s,4
service-oriented,4
ar,4
manual,4
continuing,4
accelerate,4
investors,4
measuring,4
tremendous,4
cases,4
diploma,4
achieving,4
award-winning,4
stand-by,4
werkervaring,4
wintec,4
conduct,4
hosted,4
demand,4
arisen,4
kiwi-owned,4
implications,4
putting,4
tight-knit,4
ping-pong,4
tons,4
landscape,4
pave,4
transform,4
11,4
lunches,4
shares,4
shared,4
vulnerabilities,4
accessible,4
3-5,4
mondeling,4
consultancy,4
citizenship,4
templates,4
moet,4
belangrijk,4
york,4
snabbt,4
navigate,4
prefer,4
v?re,4
entrepreneurial,4
generally,4
rund,4
salesforce,4
instead,4
quite,4
employing,4
delight,4
researching,4
salarisomschrijving,4
kids,4
dare,4
eigenen,4
personally,4
deployed,4
organised,4
backing,4
options,4
children,4
trying,4
freely,4
yoobee,4
expansion,4
daniel,4
transaction,4
eget,4
peak,4
stays,4
sdk,4
confidence,4
affinity,4
likeminded,4
incredible,4
fridge,4
7929,4
competition,4
uitstekende,4
welcoming,4
capital,4
gaining,4
streamline,4
rekryteringsprocessen,4
dienstverlening,4
owning,4
zur,4
country,4
promote,4
writes,4
inn,4
sectors,4
payment,4
ict,4
waarin,4
beheer,4
flick,4
organic,4
offshore,4
verify,4
sensitive,4
racing,4
breath,4
ervaren,4
amsterdam,4
appointment,4
beschikbaar,4
gathering,4
countries,4
optimise,4
billing,4
confidently,4
generiek,4
playing,4
gradle,4
smile,4
measurable,4
dutchband,4
pole,4
bug,4
believes,4
aid,4
engelse,4
transparency,4
leverage,4
553,4
voorkomen,4
relevante,4
19,4
vary,4
competing,4
accountable,4
findings,4
hr,4
stimulation,4
dich,4
proof,4
nidhi,4
eines,4
still,4
accommodations,4
coordinating,4
l?ndern,4
nomos,4
threats,4
happiness,4
next-generation,4
adoption,4
tim,4
efter,4
aware,4
vast,4
exempelvis,4
multidisciplinary,4
analytische,4
table,4
v?rdeorden,4
exit,4
identities,4
staan,4
django,4
quoting,4
hjf,3
self-study,3
kanban,3
informatie,3
edit,3
advance,3
terms,3
motive,3
iteration,3
vouchers,3
iconic,3
workloads,3
queries,3
almost,3
aufgaben,3
discount,3
verg?tung,3
merry,3
epic,3
accepted,3
protocols,3
campaigns,3
ethereum,3
concept,3
idee?n,3
rising,3
measurement,3
constructively,3
pleasant,3
forward-thinking,3
ara,3
treatment,3
customised,3
long-standing,3
codes,3
cohesive,3
31st,3
metrics,3
919,3
grafana,3
piece,3
suppliers,3
selskap,3
softwareprodukte,3
50,3
intricate,3
1601,3
nye,3
periods,3
minst,3
sf,3
flows,3
node,3
mitigate,3
fosters,3
beh?ver,3
beginnings,3
tror,3
method,3
signifies,3
shyp,3
implements,3
firm,3
distribution,3
seeks,3
labs,3
internet-era,3
situations,3
productieproces,3
verhaal,3
thoughts,3
on-going,3
elasticsearch,3
repository,3
acumen,3
chair,3
gesundheitsakten,3
sichereren,3
endless,3
memory,3
optimize,3
specification,3
accountability,3
c3,3
aller,3
aligned,3
competent,3
dive,3
remain,3
troubleshoot,3
workforce,3
procedural,3
hugely,3
anforderungen,3
patient,3
bradley,3
knit,3
remove,3
ag,3
selection,3
englischkenntnisse,3
instruction,3
charity,3
efficiency,3
weet,3
statically,3
mr,3
fraudsters,3
olivier,3
architects,3
mentioned,3
provision,3
accepting,3
anomalies,3
belang,3
targets,3
empathy,3
arbeiten,3
bidra,3
destinations,3
adopting,3
continues,3
teamlead,3
gateway,3
cars,3
klik,3
maximum,3
supported,3
s?k,3
collection,3
leveraging,3
projekt,3
described,3
sin,3
automatisering,3
hungry,3
team-based,3
universities,3
conclusions,3
verifying,3
kontor,3
593,3
profound,3
t?tigkeiten,3
holden,3
anything,3
purposeful,3
prescription,3
derived,3
necessarily,3
compliant,3
ros,3
ahead,3
speakers,3
assisted,3
ogs?,3
tower,3
groundbreaking,3
functie,3
favourite,3
2001,3
pivotal,3
m?let,3
5g-ready,3
velocity,3
casual,3
administrative,3
ecosystem,3
telecommunications,3
minimal,3
deployments,3
hoe,3
on-the,3
acts,3
urgent,3
snapchat,3
steer,3
initiatief,3
aspirations,3
selected,3
filters,3
shortened,3
reinvent,3
policy,3
powerful,3
contingent,3
appreciate,3
e-signature,3
traffic,3
paragraph,3
brussels,3
hier,3
kpi,3
eager,3
whose,3
estimate,3
effizienteren,3
stores,3
electronic,3
uitstekend,3
inspires,3
default,3
skal,3
sunstone,3
bamboo,3
adversaries,3
agreed,3
utveckla,3
medarbetare,3
virtual,3
curious,3
non-functional,3
organisatorischen,3
configured,3
cooperative,3
g?r,3
actief,3
bottom,3
classified,3
containers,3
veterans,3
signals,3
-create,3
miner,3
typescript,3
arbetat,3
squads,3
belief,3
json,3
facilitating,3
365,3
stehen,3
studies,3
vacancy,3
h?ga,3
workload,3
verschillende,3
backgrounds,3
affiniteit,3
positively,3
utilize,3
context,3
industries,3
geospatial,3
stock,3
prides,3
tackle,3
regard,3
perl,3
microservice,3
since,3
practitioners,3
consultation,3
skillful,3
expeditors,3
skip,3
gap,3
gezien,3
raise,3
arrangements,3
random,3
mongodb,3
stort,3
snack,3
teil,3
paramount,3
started,3
possibility,3
f?retaget,3
contributes,3
creates,3
laboren,3
invitation,3
guiding,3
1129,3
durch,3
self-directed,3
tyler,3
kunden,3
transactions,3
everywhere,3
mignon,3
wilt,3
malware,3
storage,3
f?retag,3
hub,3
mail,3
shell,3
ip,3
jobbe,3
disclosure,3
organisatieonderdeel,3
structured,3
german,3
drupal,3
aside,3
feed,3
whilst,3
depends,3
januari,3
steadfast,3
surgery,3
wellington-based,3
rollen,3
utifr?n,3
masters,3
reduce,3
photoshop,3
programmer,3
boundaries,3
combines,3
eagleman,3
envy,3
appetite,3
undergo,3
explosion,3
vr,3
rates,3
enschede,3
star,3
therefore,3
vertical,3
automates,3
port,3
translate,3
l?nsamhet,3
snappcar,3
paste,3
sending,3
disseminates,3
another,3
al,3
traditional,3
enabling,3
iv-accent,3
life-cycle,3
high-level,3
bike,3
ger,3
treat,3
optimally,3
freelance,3
saw,3
experiencing,3
workshops,3
blir,3
backbone,3
impassioned,3
compilers,3
priced,3
client-side,3
involve,3
ops,3
classes,3
surrounded,3
brain,3
packet,3
vervolgens,3
boards,3
whether,3
hibernate,3
abides,3
soe,3
ethic,3
andra,3
solidity,3
preclude,3
knowing,3
effektive,3
specflow,3
two-factor,3
fundamentally,3
hope,3
dating,3
redesign,3
redefining,3
finns,3
sometimes,3
clojure,3
embraces,3
firms,3
theodora,3
spam,3
disclose,3
adopter,3
appreciation,3
servers,3
containing,3
toepassing,3
progress,3
late,3
devise,3
blinddata,3
dein,3
viewer,3
round,3
audience,3
pace,3
komplett,3
coverage,3
stryker,3
forensics,3
views,3
confirmation,3
multi-threaded,3
inspired,3
kund,3
jou,3
expectation,3
political,3
array,3
hour,3
exclusively,3
onboarding,3
protocol,3
industrial,3
toolset,3
kans,3
582,3
webbasierten,3
receiving,3
beteiligten,3
compute,3
umgebung,3
utviklingsavdelingen,3
relocation,3
structures,3
earnings,3
proposals,3
rights,3
informationsdienstleistungen,3
reactive,3
f?hrenden,3
water,3
purposes,3
radically,3
inaccurate,3
transit,3
ihre,3
poised,3
annonsen,3
suchen,3
ryman,3
trivs,3
pretty,3
selskapet,3
residents,3
prevents,3
vertalen,3
doctoral,3
gui,3
develops,3
sitting,3
delen,3
indesign,3
unreal,3
picture,3
embark,3
whatever,3
lanschot,3
operator,3
visible,3
counterintelligence,3
official,3
beim,3
circumstances,3
submissions,3
teachers,3
encryption,3
discuss,3
skillset,3
informed,3
bolster,3
prometheus,3
domestic,3
promotion,3
credit,3
according,3
leverer,3
units,3
claiming,3
meets,3
robotic-arm,3
smartphone,3
extension,3
29,3
tactical,3
representative,3
select,3
ride,3
mindset,3
shoppers,3
snel,3
reality,3
bedrijven,3
tell,3
researcher,3
scales,3
rehired,3
augmented,3
ministry-specific,3
assistance,3
avoid,3
soa,3
hesitate,3
modeling,3
lies,3
hive,3
conferencing,3
kempen,3
bijdrage,3
unsupervised,3
osx,3
centrally,3
pair,3
front-,3
democratize,3
juggle,3
invisalign,3
thing,3
duty,3
zukunft,3
cultivating,3
rich,3
koblenz,3
494,3
pre-determined,3
purchase,3
nats,3
fullstack,3
technological,3
arbetet,3
agencies,3
toolsets,3
accounts,3
non-profit,3
wensen,3
lambda,3
basically,3
modest,3
host,3
systemen,3
aspect,3
relaxed,3
times,3
serious,3
dienen,3
spotify,3
demonstrable,3
sick,3
night,3
substantial,3
klar,3
roadblocks,3
v?xer,3
grew,3
empathetic,3
men,3
consumers,3
half,3
negotiating,3
situated,3
qt,3
detect,3
consumption,3
gina,3
tenacious,3
betriebliche,3
hq,3
revolution,3
uur,3
id,3
altersvorsorge,3
samarbete,3
expertly,3
richting,3
programvare,3
prestanda,3
v?re,3
handel,3
payments,3
overview,3
certifications,3
unser,3
payroll,3
models,3
stolen,3
genom,3
parties,3
enhanced,3
supply,3
sicheren,3
metal,3
suites,3
ga,3
vital,3
negotiation,3
consists,3
dealing,3
presents,3
rigorous,3
focuses,3
fx,3
brenner,3
mathematics,3
gesundheitswesen,3
stream,3
limits,3
burgers,3
pod,3
discipline,3
digitala,3
billion,3
simultaneously,3
celebrate,3
aims,3
maybe,3
onderdeel,3
achieved,3
childcare,3
wherever,3
carefully,3
learned,3
gezonde,3
redesigning,3
baustein,3
understands,3
parking,3
interacts,3
eligibility,3
?rztlichen,3
qualit?tssicherung,2
powering,2
discussing,2
multi-functional,2
vormt,2
codebase,2
membership,2
yael,2
opening,2
disaster,2
tightly-knit,2
brew,2
considering,2
messaging,2
kreativa,2
zeitpunkt,2
coworkers,2
mile,2
studerar,2
proficiencies,2
crm,2
paths,2
introduce,2
multi-year,2
considerations,2
honom,2
n?r,2
follow,2
on-premise,2
branche,2
brown,2
datacenter,2
tag,2
9577,2
facilitation,2
subversion,2
tablet,2
fokus,2
kompetanse,2
maintained,2
obstacle,2
verklig,2
savings,2
stabilitet,2
asset,2
efficiencies,2
season,2
s?kerst?ller,2
turning,2
materials,2
vekst,2
utilized,2
guys,2
xd,2
m?ter,2
talents,2
processpecialist,2
inception,2
telling,2
dash,2
ultimately,2
goes,2
hays,2
f?,2
cross-browser,2
kafka,2
connection,2
organiseren,2
intrusion,2
azavea,2
bringen,2
work-life-balance,2
poster,2
rekryteringsverksamhet,2
functioning,2
maternity,2
best-in-class,2
on-line,2
utvikler,2
tracking,2
b?rjan,2
zip,2
teknologiene,2
well-coordinated,2
mature,2
interests,2
nyfiket,2
worlds,2
responding,2
beverages,2
v?rldsklass,2
coupled,2
dynamische,2
korte,2
philadelphia,2
descriptions,2
motoring,2
serial,2
undertake,2
st?ndig,2
expanded,2
independence,2
angular2,2
werkzaam,2
advising,2
performers,2
sharethrough,2
sas,2
poc,2
octagon,2
hone,2
f2f,2
reward,2
finalizing,2
jaren,2
angemessene,2
mostly,2
prominent,2
interpret,2
wachsenden,2
freuen,2
obstacles,2
converting,2
spetskompetens,2
robert,2
happiest,2
indicative,2
sonstigen,2
zahlreiche,2
predict,2
ingredients,2
among,2
reading,2
chapter,2
frisse,2
box,2
kyoto,2
h?g,2
hochqualifizierte,2
time-management,2
packed,2
catalogue,2
no-sql,2
consistency,2
30,2
unter,2
spr?ken,2
public-facing,2
komponenten,2
waardoor,2
endowed,2
lucky,2
buy-in,2
sharman,2
mindre,2
level39,2
educating,2
estimated,2
intresserad,2
operators,2
escalation,2
hun,2
evening,2
klanten,2
all-source,2
5-7,2
streamlining,2
deliverables,2
standort,2
behavioral,2
successes,2
excel,2
internationale,2
nature,2
specialiseren,2
recovery,2
showcase,2
samtycker,2
ulike,2
work-related,2
n?gon,2
open-source,2
stability,2
sneak,2
softwareentwicklung,2
svn,2
learner,2
potentially,2
highly-motivated,2
screen,2
arbitrate,2
kei,2
stayed,2
kunskapskapital,2
lijnen,2
courtenay,2
cloud-like,2
laten,2
arbeide,2
interfacing,2
093779244,2
express,2
organisationens,2
s?k,2
versnellen,2
svenska,2
schulungen,2
ledger,2
nurturing,2
runs,2
complicated,2
lebensunterhaltskosten,2
deadline,2
fabulous,2
artifacts,2
sind,2
turns,2
delicious,2
extend,2
profitable,2
post,2
utvikling,2
e-handel,2
kannst,2
replacement,2
disclaimer,2
inneb?r,2
vacations,2
expenses,2
life-long,2
ensures,2
dr?mmer,2
middleware,2
quartered,2
urban,2
wishes,2
hyperlinks,2
bidrar,2
bootstrap,2
arizona,2
leveren,2
foosball,2
?ka,2
kicking,2
consensus,2
discernment,2
market-leading,2
matched,2
team-oriented,2
systemintegration,2
2011,2
kunskap,2
enspiral,2
rubbing,2
describe,2
tricot,2
dreamed,2
feeds,2
sessions,2
authoritative,2
winter,2
retreats,2
solutionize,2
hitta,2
particular,2
gesteld,2
samenwerking,2
nothing,2
heroic,2
text,2
starts,2
22,2
stacks,2
slimme,2
weiterbildungsma?nahmen,2
gir,2
uiteraard,2
untapped,2
sverige,2
evolution,2
validate,2
team?bergreifende,2
naturally,2
headquarters,2
removes,2
retaining,2
filled,2
mule,2
consist,2
belangrijke,2
ida,2
consultants,2
abstract,2
compiled,2
short-term,2
protection,2
concentrating,2
root,2
yearly,2
friend,2
cope,2
analys,2
accredited,2
midsize,2
mooi,2
stands,2
buyer,2
reusable,2
carrying,2
kultur,2
proper,2
everyday,2
clicked,2
arts,2
sports,2
constraints,2
spelen,2
intricacies,2
registrering,2
?bernahme,2
adaptive,2
betyder,2
hierarchies,2
mih,2
beter,2
um,2
clever,2
l?sningen,2
weltkulturerbes,2
milestones,2
personer,2
whereas,2
on-site,2
onderstaande,2
white,2
hadoop,2
kept,2
assistant,2
studiums,2
concentration,2
collected,2
torch,2
aus,2
grote,2
ausgewogene,2
doen,2
usa,2
user-facing,2
backup,2
kritisch,2
calibre,2
queuing,2
allemaal,2
hanteras,2
firmly,2
experiments,2
kollegor,2
cycling,2
erm?glichen,2
customize,2
nonprofits,2
n?got,2
pr?va,2
nyt?nkande,2
queens,2
temporary,2
analysing,2
performs,2
eclipse,2
certified,2
geography,2
connections,2
image,2
netzen,2
axla,2
vue,2
ambitioner,2
uppdrag,2
brimming,2
denk,2
seamless,2
utilised,2
library,2
arm,2
kontakt,2
strengthen,2
octopus,2
automatically,2
advertiser,2
identification,2
exhibit,2
thought,2
pre-tax,2
einzigartige,2
reichweiten,2
nxturn,2
gebruik,2
invigorates,2
safety,2
seasoned,2
gr??ten,2
well-established,2
commentary,2
godk?nner,2
advertised,2
academy,2
zal,2
fringe,2
alike,2
okay,2
zumba,2
assesses,2
confidentiality,2
lokaler,2
utmaningar,2
f?rs?ljning,2
pragmatically,2
produktmanagements,2
respected,2
dollar,2
probleml?sningsf?rm?ga,2
length,2
partnered,2
organisatie,2
mvps,2
arbetss?tt,2
implementierung,2
1522,2
containerized,2
voeren,2
mainly,2
arrangement,2
proposed,2
sprints,2
vorteil,2
modernisation,2
joined,2
affinit?t,2
zonos,2
denken,2
anst?llas,2
rds,2
ezyvet,2
medium,2
n?r,2
domeinen,2
reizvolle,2
wine,2
sehr,2
natur,2
money,2
afgeronde,2
preferable,2
biotechnology,2
fair,2
gets,2
coaches,2
marktconform,2
recruiters,2
familiarize,2
?nskem?l,2
ikke,2
l?sungen,2
appropriately,2
fluid,2
coit,2
assembled,2
well-structured,2
wfh,2
adversely,2
consumptiemunten,2
processen,2
balancing,2
truth,2
weaknesses,2
validation,2
ultimate,2
fantastisk,2
60,2
hired,2
cwp,2
interdisciplinary,2
ticking,2
personuppgifter,2
assembly,2
represented,2
matching,2
animations,2
serves,2
exceeds,2
collega,2
werden,2
brightest,2
baseball,2
rp,2
jobb,2
pertaining,2
softwarekennis,2
voluntary,2
fulltime,2
dienst,2
well-being,2
?ver,2
generations,2
framtida,2
asap,2
mqtt,2
streams,2
constructieve,2
hero,2
tijdsdruk,2
vets,2
trimble,2
co-design,2
subsidized,2
nieuwste,2
partly,2
frontend-technologien,2
mogelijkheid,2
acquisition,2
abroad,2
specialisera,2
lifecycles,2
sj?lvklarhet,2
tussen,2
integrationer,2
closed,2
tilby,2
arbetslivserfarenhet,2
postgres,2
consultative,2
ethical,2
lines,2
b?sta,2
toekomst,2
stumble,2
floor,2
user-focused,2
evolved,2
hunger,2
xml,2
arbeitsplatznahes,2
stubbing,2
gesprek,2
backends,2
alerts,2
k?lla,2
switches,2
se,2
autonomy,2
tv?,2
l?mnas,2
subway,2
driver,2
bounce,2
coderen,2
meerdere,2
lieu,2
8-10,2
nervous,2
systeem,2
retrofit,2
l?per,2
unternehmensl?sungen,2
genomsyrar,2
high-performing,2
files,2
confluence,2
teamen,2
suggesting,2
service-based,2
resultatet,2
earth,2
debug,2
stressbestendig,2
gold,2
dynamiska,2
betekenis,2
litium,2
niedrige,2
cause,2
revitalised,2
kundenbasis,2
decent,2
age,2
smith,2
standup,2
iterate,2
uber,2
fiserv,2
radical,2
upskilling,2
manufacturing,2
elk,2
inc,2
middle,2
fitnesscenter,2
ontwikkeld,2
prototyping,2
articulate,2
consumer-grade,2
epi,2
fashion,2
linker,2
webbutvecklare,2
trustee,2
officer,2
coder,2
gcp,2
company-wide,2
aesthetic,2
finish,2
servant,2
samtal,2
slightly,2
dem,2
robot,2
effect,2
dollars,2
nzrb,2
hbo-diploma,2
template,2
well-defined,2
electro,2
vrijheid,2
zie,2
principal,2
nationale,2
opleiding,2
backend-bereich,2
on-time,2
delaktig,2
domestically,2
projekten,2
blends,2
fixing,2
innehar,2
ssrs,2
county,2
innovatieve,2
vector,2
anwendungs-frameworks,2
ute,2
ruimte,2
vanligtvis,2
peer-reviewing,2
marktf?hrer,2
advise,2
resident,2
rhein,2
combine,2
solida,2
r?st,2
nation-wide,2
mocking,2
pyramid,2
fluency,2
issue,2
?msesidig,2
wo,2
wild,2
24,2
95,2
warehousing,2
prove,2
all-in-one,2
draaien,2
professors,2
ever-changing,2
sociable,2
smartare,2
deiner,2
achievements,2
skapa,2
lamp,2
es6,2
well-respected,2
gaan,2
yet,2
muligheter,2
opbouw,2
fetches,2
organize,2
smaller,2
utvecklingsfasen,2
shoulders,2
suit,2
affected,2
daar,2
makers,2
masterstudium,2
hence,2
pinch,2
eat,2
jahresumsatz,2
continual,2
updating,2
transformations,2
neurocognitive,2
unprecedented,2
echte,2
utviklingen,2
hochschule,2
urgency,2
responsiveness,2
properties,2
embraced,2
specifics,2
communicates,2
buttery,2
ha,2
viable,2
functieomschrijving,2
internationalen,2
skickar,2
insight,2
regarded,2
child,2
system-supported,2
competitiveness,2
designated,2
dream,2
simply,2
gode,2
meerwaarde,2
appreciated,2
enabler,2
raw,2
zorg,2
break-out,2
failures,2
beweging,2
best-practice,2
fitting,2
beroende,2
maximise,2
merchant,2
bewerbung,2
super-smart,2
co,2
test-driven,2
deres,2
compiler,2
deals,2
wijze,2
adjusting,2
rollouts,2
minimise,2
dortmund,2
shopper,2
beste,2
studier,2
safe,2
axure,2
agilen,2
in-progress,2
nemen,2
fibre,2
algorithm,2
assumptions,2
h?gskoleexamen,2
high-performance,2
tijdens,2
bootcamp,2
rewards,2
doubled,2
generate,2
recommending,2
influential,2
secondary,2
funktionalen,2
photos,2
ontwikkelaar,2
h?gteknologiska,2
dosis,2
erfarenhet,2
seems,2
state-of-the-art,2
vpm,2
risk,2
holder,2
m?nader,2
eu,2
inklusive,2
clock,2
kundlojalitet,2
data-nerds,2
passionately,2
anst?lld,2
motivational,2
contributory,2
extraordinary,2
stage,2
vcs,2
thoroughly,2
go-getters,2
etl,2
surface,2
commensurate,2
leva,2
netwerken,2
geoserver,2
interdisziplin?re,2
rectify,2
followed,2
entwicklungsm?glichkeiten,2
facebook,2
heltid,2
powered,2
appium,2
internally,2
calculate,2
combining,2
starten,2
flag,2
standorten,2
controls,2
attributes,2
usually,2
top-quality,2
endeavors,2
ranked,2
reap,2
mass,2
evaluating,2
assessing,2
kunskapsv?xling,2
arrange,2
introducing,2
criteria,2
zetten,2
daarnaast,2
advertiser-bid,2
ambiti?st,2
reactjs,2
increasing,2
?rs,2
sections,2
downtime,2
6-9,2
16,2
occasional,2
wish,2
traders,2
amounts,2
tiden,2
pionieren,2
high-pressure,2
tuition,2
nationally,2
fast-growing,2
lifestyle,2
zit,2
nordens,2
carried,2
2020,2
ingenting,2
profiling,2
netherlands,2
loan,2
dialoger,2
communicatief,2
skydd,2
heads,2
canary,2
loader,2
kostenfreies,2
end-user,2
shipped,2
attack,2
heap,2
know-how,2
methodical,2
aktuellen,2
kolleger,2
passen,2
invites,2
hack,2
idag,2
perspectives,2
top-notch,2
describing,2
wealth,2
comments,2
compelling,2
gedreven,2
combo,2
skillsets,2
precedents,2
implementations,2
beating,2
insert,2
sky,2
anv?nds,2
translates,2
abn,2
strategically,2
friends,2
datavetenskap,2
angels,2
utvecklar,2
kundf?retag,2
intent,2
mechanisms,2
kunde,2
emergence,2
1384,2
redis,2
stone,2
strategize,2
duration,2
held,2
guarantees,2
app-based,2
apothekern,2
opptatt,2
plattformar,2
enormt,2
combinator,2
non-nz,2
amongst,2
commit,2
size,2
configure,2
motivation,2
campus,2
regional,2
searching,2
adheres,2
submitted,2
relentlessly,2
richt,2
viability,2
noggrannhet,2
registering,2
ans?kan,2
netware,2
bentmet,2
wellsford,2
editing,2
literal,2
feet,2
operates,2
chantelle,2
arbeidsoppgaver,2
oms?ttning,2
theory,2
contributors,2
non-trivial,2
equities,2
roller,2
platz,2
communicated,2
crazy,2
theories,2
distinguished,2
cucumber,2
customer-facing,2
romerike,2
democratic,2
busting,2
spending,2
closer,2
canterbury,2
result-driven,2
entwicklungsprozess,2
remediate,2
minded,2
uncompromised,2
konsult,2
accustomed,2
mot,2
oslo,2
bereich,2
ample,2
determined,2
fachabteilung,2
generating,2
meriterande,2
separated,2
optimaal,2
decentralised,2
citizens,2
engines,2
proactief,2
configuratiemanagement,2
alla,2
kundens,2
lua,2
clarity,2
arkit,2
paye,2
averages,2
erfaring,2
hele,2
eda,2
corrective,2
thought-provoking,2
n?chstm?glichen,2
spas,2
heard,2
helhetsl?sningar,2
diverser,2
ambition,2
5th,2
entrepreneurs,2
resolution,2
samtidigt,2
fund,2
modules,2
snart,2
guts,2
suited,2
alles,2
stellen,2
greenspaces,2
gj?re,2
ci-infrastrukturen,2
thinks,2
cgm,2
hardworking,2
200,2
centred,2
resor,2
maven,2
modify,2
arcade,2
st?rka,2
maintainability,2
smarter,2
institution,2
wellness,2
collaborator,2
perspective,2
sexy,2
logistics,2
challenger,2
quo,2
mariadb,2
cooperation,2
gjennom,2
mosel,2
2-5,2
erfarna,2
matters,2
gegevensontsluiting,2
livechat,2
press,2
spine,2
roc,2
passar,2
usage,2
plezierig,2
serverless,2
eagerness,2
production-quality,2
greenfield,2
pim,2
applicatie,2
grundlage,2
polyglot,2
criticality,2
focussed,2
mindestens,2
hierarchy,2
proof-of-concept,2
-manage,2
human-computer,2
punt,2
increasingly,2
agresearch,2
dann,2
conflicts,2
zet,2
tutors,2
levert,2
facilities,2
grid,2
evaluation,2
opinions,2
6-month,2
depth,2
realigning,2
moltin,2
incidenten,2
left,2
bdd,2
functieomschrijvingben,2
happening,2
stick,2
kjent,2
iedere,2
rent,2
umfeld,2
dev-ops,2
asynchronous,2
architectuur,2
l?nken,2
avancerade,2
fairly,2
unified,2
durf,2
bespoke,2
teamcity,2
geven,2
drivs,2
workers,2
estimates,2
transactional,2
certificate,2
non-japanese,2
b?rja,2
sizes,2
none,2
sikt,2
environmental,2
conversations,2
weg,2
hong,2
l?re,2
puppet,2
indien,2
behaviors,2
diensten,2
forward-,2
arbetsuppgifter,2
emis,2
heavy,2
arriving,2
erwirtschaftet,2
utvikle,2
versatility,2
cities,2
consume,2
bridges,2
agojo-1709-47023,2
participates,2
dubbla,2
engelska,2
conceive,2
instances,2
sj?lv,2
looks,2
talking,2
derfor,2
ethics,2
co-ordinate,2
f?rst?else,2
transamerica,2
motivate,2
id?,2
ethernet,2
periodic,2
unserem,2
legacy,2
890,2
studium,2
vilka,2
accomplished,2
speaking,2
sleeve,2
mogelijkheden,2
wireframes,2
b?da,2
m?chtest,2
question,2
parameters,2
nicht,2
betaal-,2
scale-up,2
solliciteer,2
targeted,2
mestadels,2
kompetens,2
evenementen,2
plannen,2
internationally,2
evangelize,2
layout,2
hurdles,2
pr?glas,2
halen,2
neues,2
authoring,2
asia,2
ansvarstagande,2
engages,2
exchange,2
werkzaamheden,2
flesta,2
-develop,2
engagerad,2
satisfying,2
allowance,2
harrison,2
enge,2
weiterentwicklung,2
2-4,2
merv?rde,2
walk,2
looked,2
2016,2
hohe,2
polarn,2
dull,2
slides,2
md,2
distinctive,2
volop,2
recognise,2
inter-personal,2
priorities,2
effektiv,2
ihnen,2
relevanta,2
haalbare,2
clauses,2
samma,2
agricultural,2
cracking,2
enormous,2
kringliggande,2
kunne,2
chin,2
typed,2
sedan,2
names,2
assignments,2
werk,2
liek,2
high-impact,2
anyone,2
chef,2
personliga,2
konsultbolag,2
silicon,2
increased,2
vervul,2
h?ller,2
income,2
acting,2
introductory,2
unhealthy,2
overhaul,2
leistungen,2
rewrite,2
crowdsourced,2
auditing,2
jobbar,2
direktrekrytering,2
chain,2
webgl,2
retrospectives,2
jahre,2
behalf,2
deeper,2
stadig,2
refining,2
veterinary,2
omg?ende,2
protecting,2
maak,2
sv?rt,2
carparks,2
pre,2
mitarbeiter,2
helpt,2
determines,2
objective,2
cirka,2
realisatie,2
baseline,2
champions,2
launch,2
cafes,2
behandlar,2
rendering,2
20-minute,2
faced,2
competenties,2
thorough,2
komme,2
recruiter,2
samarbetar,2
pass,2
comprised,2
electricity,2
pulling,2
powers,2
selectieprocedure,2
talks,2
commutes,2
hart,2
vp,2
folk,2
diligent,2
tasty,2
trainieren,2
premium,2
r?dgivning,2
conversion,2
institutional,2
-two,2
integriteten,2
verifiable,2
n?,2
upper-level,2
f?rdelade,2
scientist,2
centre,2
practitioner,2
deutsch-,2
minutes,2
people-centred,2
figure,2
concerns,2
vibe,2
goal-oriented,2
noe,2
reaching,2
totally,2
safely,2
utviklere,2
d?,2
fixes,2
?t,2
guten,2
nachhaltige,2
promotes,2
daimler,2
aantoonbare,2
praktische,2
festanstellung,2
communicating,2
unesco,2
testen,2
solar,2
planera,2
corners,2
analist,2
analyzing,2
browser-based,2
agnostic,2
zuhause,2
visions,2
?vrig,2
regulatory,2
loop,2
ausbildung,2
previously,2
workflows,2
high-tech,2
branch,2
phd,2
contemporary,2
oplossing,2
leder,2
crafted,2
scratch,2
tomorrow,2
collaborators,1
unexplored,1
enorm,1
technology-based,1
investering,1
fitness,1
ace,1
pc,1
h?yere,1
odele,1
stamp,1
non,1
itero,1
graphite,1
m?te,1
gedrevenheid,1
daadwerkelijk,1
tillegg,1
laurenzi,1
productontwikkeling,1
vrij,1
kunderna,1
los,1
t?rre,1
afnemers,1
knocking,1
oscar,1
skalerbare,1
allen,1
migrations,1
elektroniske,1
116321,1
documented,1
09-5797929,1
1-4,1
high-achieving,1
conversational,1
seed,1
finance,1
proof-of-concepts,1
k?nnten,1
shoreditch,1
envelope,1
probleml?sning,1
lave,1
federal,1
absorb,1
ads,1
professions,1
long-needed,1
security-related,1
laying,1
well-documented,1
invisible,1
linked,1
corel,1
agojo-1712-47223,1
myryman,1
articulating,1
pairing,1
detects,1
can-do,1
dynamischen,1
wont,1
deck,1
jbsjo-1711-47139,1
recognition,1
safer,1
st?rre,1
mathematical,1
geir,1
2-day,1
musterrecruit,1
st?ngas,1
extjs,1
tom,1
webb,1
impactful,1
annat,1
refactoring,1
helped,1
song,1
m?tte,1
vc,1
methodiek,1
n?sta,1
recommended,1
logos,1
waitangi,1
brink,1
pages,1
bety,1
us-overlapping,1
app-v,1
labor,1
fragen,1
berufsbegleitendes,1
949964,1
takt,1
monitort,1
integrationworks,1
codebases,1
tiers,1
earn,1
300,1
f?tt,1
tradeoffs,1
bouwen,1
characteristic,1
plass,1
wiring,1
construction,1
kopiera,1
spearhead,1
disruption,1
entrusted,1
reshaping,1
delmomenten,1
centres,1
counting,1
verrassen,1
anxiety,1
bash,1
laterally,1
acceptatie,1
401k,1
bitcoin,1
uniquely,1
framed,1
iris,1
shortlisting,1
request,1
bestselling,1
nationally-recognized,1
waarmee,1
relaxation,1
kundene,1
justice,1
tid-,1
rewarded,1
niveau,1
draait,1
enterprise-wide,1
world-known,1
arbeitsweise,1
calm,1
defendable,1
uitgroeien,1
afleggen,1
harvey,1
practise,1
polsbandje,1
vernuft,1
1986,1
publicly-owned,1
five-star,1
printers,1
although,1
aggregates,1
konsultroll,1
2012r2,1
fridays,1
homepage,1
viewpoints,1
formally,1
aanspreekpunt,1
ideals,1
0299,1
daarna,1
spammy,1
450,1
invloed,1
the-job,1
verzorgde,1
sambla,1
muntendispensers,1
magazino,1
burnout,1
hashing,1
jmeter,1
versioning,1
dvcs,1
openness,1
outlining,1
camp,1
4th,1
tampering,1
videreutvikling,1
harm,1
diskuterar,1
time-sensitive,1
sentiment,1
bluetooth,1
leuk,1
90,1
found,1
assembleren,1
beruf,1
x86,1
werkgerelateerde,1
pas,1
949335,1
versions,1
ausgepr?gte,1
guter,1
celebratory,1
kjente,1
essence,1
tenanted,1
principals,1
limit,1
singles,1
patented,1
cap,1
nok,1
taxi,1
converse,1
oppdatere,1
motiverende,1
lights,1
measure,1
90235,1
dozens,1
katherine,1
valley-backed,1
innogames,1
urvalet,1
branches,1
accordingly,1
situation,1
revolutionise,1
spark,1
adviserende,1
beargumenteerd,1
datasets,1
designer-programmer,1
f?higkeiten,1
ras,1
banner,1
frank,1
nederland,1
emot,1
fritid,1
tikanga,1
zullen,1
elbows,1
multi-million,1
it-bezogenen,1
appeals,1
2022,1
116319,1
siktet,1
kontinuerlig,1
88268,1
sscs,1
production-oriented,1
annotations,1
-an,1
negotiate,1
walton,1
microservice-based,1
nitro,1
disse,1
topp,1
significantly,1
remediated,1
unrestricted,1
ansprechpartner,1
validated,1
double,1
sealen,1
idealerweise,1
onderhoudt,1
fleksitid,1
frontends,1
analyses,1
jbsjo-1709-47028,1
standard-compliant,1
repertoire,1
cooperatively,1
professionele,1
world-first,1
degelijke,1
hci,1
urlaubstage,1
113354361,1
smash,1
ethnographic,1
tesco,1
arbeider,1
glide,1
domains,1
beeld,1
api-first,1
technologiestack,1
45,1
obj-c,1
welcomes,1
retain,1
culmination,1
align,1
self-organized,1
h?nger,1
generated,1
words,1
thomas,1
rid,1
hospitality,1
1101,1
ec2,1
victories,1
varehus,1
attaining,1
zuk?nftigen,1
verantwoordelijkheid,1
fare,1
l?nsam,1
?kning,1
danish,1
terminal,1
invoice,1
kanskje,1
ontwikkelingstrajecten,1
addressing,1
onbekende,1
gepland,1
fascinated,1
spotlight,1
inrichtingstaken,1
overnight,1
14,1
onafhankelijke,1
acquisitions,1
befitting,1
indulging,1
afgenomen,1
utplassering,1
packages,1
concepten,1
26,1
draag,1
obst,1
certificates,1
org,1
multi-language,1
realiseert,1
evenly,1
wachten,1
90452,1
prim?rt,1
fits,1
born,1
lisa,1
premise-,1
inneb?re,1
ned,1
guest,1
mixed,1
gevestigde,1
deltakelse,1
st?ller,1
deine,1
directors,1
oprichting,1
brighton,1
maandloon,1
weiteren,1
reproducible,1
grey,1
fosrest,1
103,1
januar,1
surrounding,1
ort,1
dictate,1
fortnum,1
yell,1
konkurransedyktig,1
unterst?tzen,1
-reviews,1
informative,1
5-month,1
fall,1
elegant,1
testability,1
venues,1
houdini,1
alltid,1
millioner,1
upside,1
transformed,1
galera,1
zealanders,1
platformen,1
zero,1
a-list,1
big-name,1
ft,1
avdelingen,1
daemon,1
cloudomgeving,1
testable,1
remains,1
omvang,1
steel,1
customise,1
bis,1
file,1
propose,1
pursue,1
zimmer,1
jumpstart,1
90385,1
ausgew?hlten,1
breedte,1
attempting,1
perfection,1
generelt,1
okhttp,1
similarities,1
large-data,1
rail,1
entwicklungsprozesses,1
geoliede,1
specialised,1
disruptive,1
voortdurend,1
bruggen,1
beleieve,1
erg,1
toekomstvisie,1
mq,1
lessons,1
deficits,1
understood,1
vergelijkbaar,1
considerably,1
movie,1
wheels,1
h?r,1
tata,1
customer-ready,1
fafsas,1
oversight,1
unlock,1
thread,1
researchers,1
campbell,1
compares,1
verantwortungsvollen,1
ambitie,1
2-com,1
mdm-ontwikkelaar,1
mid-january,1
biculturalism,1
gelooft,1
standardized,1
authored,1
herinner,1
humans,1
hooking,1
kommunikative,1
reproach,1
h?rd,1
eigeninitiative,1
tonen,1
bygge,1
zodat,1
sqa,1
fagomr?det,1
lavt,1
pilates,1
umsetzen,1
gestalten,1
december,1
hvor,1
people-person,1
prematurely,1
greatly,1
reveal,1
flexi,1
70178,1
standards-based,1
viel,1
mixpanel,1
250,1
frequency,1
flex-time,1
pool,1
financed,1
44,1
passie,1
vooral,1
imperative,1
w?hrend,1
assured,1
completes,1
beng,1
yonge,1
workspace,1
umsetzung,1
forventer,1
indoor,1
werkplek,1
betingelser,1
5-years,1
talangfulla,1
advises,1
remarkable,1
near,1
provisions,1
doorzocht,1
gpu,1
watchos,1
1600,1
three-sided,1
dashboard,1
kortare,1
complexe,1
statistische,1
timeframes,1
instelling,1
psychologist,1
beispielsweise,1
datasystemer,1
prototype,1
highlighted,1
alignment,1
posh,1
relies,1
sette,1
bewerbungsunterlagen,1
beheerprocessen,1
hoog,1
chops,1
gedaan,1
reageer,1
symfony2,1
audits,1
preparing,1
uat,1
skole,1
machines,1
breidt,1
abusive,1
strengthening,1
ontvangt,1
92,1
delve,1
ddl,1
viewable,1
actuele,1
israel,1
verbetering,1
world-beating,1
parameterized,1
annonstiteln,1
diepte,1
stamina,1
layers,1
comps,1
attestations,1
self-manage,1
impairment,1
client-base,1
praktischen,1
aanmerkelijk,1
original,1
gjennomsnitt,1
jon,1
pi100466463,1
canadian,1
it-related,1
recreate,1
accurate,1
seg,1
winforms,1
303,1
supplying,1
motorkap,1
trainings,1
verandering,1
neo4j,1
genomsnitt,1
vernieuwende,1
firmware,1
math,1
apt,1
heroes,1
sean,1
arcgis,1
particuliere,1
neuroscientist,1
ftes,1
assembling,1
auto,1
kent,1
shifting,1
functionally,1
references,1
parental,1
called,1
arbeitest,1
contractors,1
pyret,1
grounding,1
reported,1
slag,1
concurrently,1
beginners,1
christmas,1
gerne,1
maximising,1
programms,1
allerlei,1
iv-voorzieningen,1
geo-spatial,1
2462,1
bedrukken,1
axon,1
outings,1
teilnahme,1
outlook,1
front-ends,1
prints,1
complexities,1
stand-up,1
preferences,1
leggen,1
stripes,1
inzet,1
positivt,1
asymmetric,1
debate,1
medarbeidere,1
waxes,1
prikkfrie,1
forensic,1
learns,1
cloud-delivered,1
buildmaster,1
modifications,1
lol,1
veelal,1
kwantitatieve,1
resultaatgericht,1
cares,1
99,1
realizes,1
limitless,1
personalerbjudande,1
booming,1
food,1
duplicate,1
devil,1
handeln,1
best?r,1
waste,1
omgaan,1
paden,1
gespecialiseerde,1
etablert,1
re-engineering,1
courseops,1
self-motivation,1
verkopen,1
intercom,1
mentorship,1
medarbetarna,1
enkele,1
verkar,1
monate,1
-provide,1
brewed,1
motivemotive,1
mathematische,1
studying,1
brede,1
optimaliseren,1
physicians,1
roda,1
zelf,1
doctors,1
akka,1
kortere,1
donderdagmiddag,1
matt,1
mailchimp,1
unrelated,1
conscious,1
kiellandsplass,1
authorization,1
magical,1
90298,1
p2p,1
forums,1
specializes,1
marknaden,1
binding,1
auffassungsgabe,1
scheduled,1
unsung,1
kandidat,1
e-handelns,1
funktionaler,1
ladies,1
fremtidens,1
salgsdrevet,1
arkitekturm?nster,1
configuring,1
beschikbare,1
pushing,1
underpin,1
st?tte,1
haughton,1
state-of-art,1
coders,1
armatowsk,1
filterable,1
differently,1
oplevering,1
distill,1
regel,1
thrown,1
zorgen,1
approachable,1
s?rlig,1
certify,1
on-board,1
versteld,1
decipher,1
uitbreiding,1
angesiedelt,1
architecturen,1
doe,1
liaising,1
systemarkitekt,1
enthusiast,1
ticket,1
simplifying,1
liker,1
route,1
datacenters,1
ber?cksichtigung,1
appy,1
binaries,1
aotearoa,1
functieomschrijvingde,1
spinoff,1
geographically,1
acronyms,1
china,1
behov,1
columbia,1
foot-in-the-door,1
schritte,1
voelt,1
lengths,1
represents,1
feb,1
iets,1
deskundigheid,1
m1103b,1
embedden,1
cheerful,1
in-office,1
gwen,1
household,1
t-sql,1
humor,1
accuracy,1
471,1
bijzondere,1
obsessively,1
multi-tiered,1
behoud,1
silverstriper,1
intuitive,1
expose,1
lay,1
aesthetically,1
compatibility,1
m?,1
avgj?rende,1
meetups,1
errors,1
retailers,1
treliant,1
selective,1
recognize,1
procesmatige,1
result-,1
internationally-recognised,1
headcount,1
impressions,1
founding,1
duckworth,1
optimistic,1
approached,1
impacts,1
premature,1
enquiries,1
connectors,1
ict-tooling,1
studieng?nge,1
multinode,1
timing,1
prospect,1
cryptographic,1
cluster,1
fact,1
dispersed,1
influences,1
iggulden,1
bruke,1
relayed,1
bronnen,1
rijksbreed,1
bygga,1
chatten,1
2014,1
vollzeitihre,1
merchants,1
snapshot,1
binary,1
kollega,1
marketplaces,1
super-user,1
conventional,1
best?ende,1
bottlenecks,1
ge?ffend,1
leidende,1
overcoming,1
trekking,1
empowers,1
capture,1
umanga,1
non-traditional,1
user-research,1
solnet,1
vergelijkbare,1
gitt,1
toont,1
representation,1
bereichen,1
coretechs,1
centric,1
population,1
rarely,1
glue,1
suggestions,1
verras,1
sp?nnande,1
ict-platformen,1
fag-,1
bbqs,1
alan,1
nurture,1
boston,1
autostore,1
remember,1
mutual,1
subsystems,1
vice,1
assumptions-,1
repeatable,1
funderingar,1
mid-sized,1
geschikt,1
fuzzy,1
permanentyour,1
encountered,1
industry-first,1
fellow,1
webservice,1
gegevens,1
visibility,1
neuroscientists,1
performed,1
initiating,1
technologie?n,1
charge,1
shopping,1
grootste,1
post-seed,1
stunden,1
finest,1
system-,1
announced,1
instruments,1
higher-level,1
surgeries,1
innovativt,1
lesbar,1
donations,1
chunk,1
multi-billion,1
mate,1
deliberately,1
improves,1
pr?ferenz,1
customisation,1
unleash,1
jvm,1
ter,1
smit,1
sponsorship,1
structuring,1
credits,1
intellij,1
arkitektur,1
virtuous,1
self-managing,1
funnits,1
invite,1
gp,1
prices,1
prestigious,1
parent,1
responded,1
nederlands,1
involving,1
aboard,1
vak,1
agila,1
identified,1
freeing,1
tvos,1
reproduction,1
verschiedenen,1
citrusbyte,1
sits,1
graphics,1
l?pande,1
influencing,1
exec,1
149,1
bijt,1
stokes,1
2d,1
tune,1
assignment,1
grange,1
effectiever,1
solvers,1
sk925630a,1
taiwan,1
usership,1
websphereen,1
vps,1
thinker,1
initiativrik,1
thinkers,1
suburban,1
adopted,1
exams,1
checks,1
erring,1
fitnessstudio,1
trains,1
dss,1
streber,1
packaging,1
learning-focussed,1
zen,1
westpac,1
balancers,1
tabellen,1
absolute,1
sewer,1
bundle,1
collects,1
laravel,1
denne,1
concise,1
noirs,1
contains,1
ondernemend,1
th,1
hoteltonight,1
likely,1
logistik,1
interchange,1
viktig,1
hyphens,1
allt,1
simpler,1
leren,1
one-off,1
deinem,1
f?rderung,1
cartridges,1
academia,1
fullstendig,1
battery,1
gemaakt,1
31,1
agojo-1711-47200,1
liberties,1
backend-related,1
perpetually,1
jointly,1
deloivery,1
triage,1
innan,1
marry,1
f?rl?ngning,1
kj?rer,1
findet,1
unity3d,1
landing,1
java-technologie,1
egenskaper,1
beheer-,1
perhaps,1
zealand-owned,1
2111,1
-maintain,1
pronouncing,1
gewerkt,1
user-adoption,1
lyckas,1
in-person,1
laughs,1
specialization,1
kijk,1
wcag,1
sp?rsm?l,1
chief,1
pulls,1
galaxy,1
it-processen,1
hyggelig,1
toegangsoplossingen,1
moulding,1
-partner,1
extras,1
helmut,1
technoloies,1
clubs,1
1402,1
sannsynlig,1
beat,1
riktig,1
pre-sale,1
visitors,1
xxl,1
hjelpe,1
webdeveloper,1
2517,1
broaden,1
financials,1
verbeterd,1
hayden,1
diplomabschluss,1
administering,1
innenfor,1
aandragen,1
cmd,1
septa,1
roadmaps,1
cognos,1
edx,1
verdiend,1
modifying,1
displays,1
engineerthe,1
attach,1
ipo,1
low-level,1
oosterpark,1
tech-loving,1
onderhoud,1
responsibly,1
pensions-,1
finanzierung,1
game-based,1
easy-to-understand,1
attraction,1
siste,1
lang,1
studeren,1
less-experienced,1
leveransen,1
environmentally,1
relying,1
karri?rsteg,1
supercomputing,1
partnership,1
singapore,1
wartbarkeit,1
selbstst?ndige,1
continous,1
speel,1
rows,1
umfangreiches,1
uitdaging,1
86250,1
printing,1
bewaakt,1
fosuser,1
verhelpen,1
villmark,1
cards,1
morsom,1
meaning,1
rechten,1
werkend,1
discover,1
salg,1
ingesteld,1
veiligstellen,1
crown,1
controlling,1
borrow,1
lectures,1
tends,1
442,1
cqrs,1
conversive,1
omsatte,1
extensible,1
backlogs,1
berufsbegleitend,1
89412,1
fewer,1
automatische,1
git-based,1
reibungslos,1
desires,1
stap,1
marianne,1
funding,1
0028,1
emberjs,1
betrouwbare,1
kleiner,1
highland,1
csh,1
joy,1
b,1
vind,1
materiel,1
lighting,1
overheidsdatacenter-dienst,1
vacaturenummer,1
co-own,1
besvaras,1
cut,1
optimized,1
segments,1
hike,1
revolutionize,1
heading,1
uavhengig,1
promise,1
calabash,1
952451,1
javaspring,1
tiny,1
valley,1
backend-entwicklung,1
enabled,1
rules,1
fragment,1
fram,1
austoben,1
essentieel,1
t?tt,1
govern,1
productie,1
bachelor,1
ambitieuze,1
bloated,1
avenue,1
samtidig,1
waarvan,1
javaunbefristete,1
town,1
neu,1
launched,1
vullen,1
jeg,1
non-production,1
noen,1
87548,1
echt,1
weighs,1
download,1
superhuman,1
razor,1
realiseren,1
nevnt,1
cloud-computing,1
terrific,1
lengde,1
ethnically,1
sporen,1
blocks,1
waarde,1
ondergebracht,1
handset,1
dadurch,1
thank,1
plugins,1
doorzettingsvermogen,1
nadruk,1
respective,1
groot,1
addresses,1
dropping,1
pagerduty,1
deployen,1
rough,1
onvoorziene,1
aktuell,1
sociaal,1
manipulate,1
reizt,1
inputs,1
postgis,1
well-suited,1
eigenschaften,1
owasp,1
bets,1
bill,1
projektledare,1
appearing,1
fortunate,1
toe,1
programm,1
electric,1
kosten,1
mainstay,1
scoped,1
enriching,1
timeframe,1
zoeken,1
innovatief,1
positie,1
full-blown,1
corresponding,1
conference,1
rainbow,1
visually,1
gave,1
boven,1
snabba,1
toch,1
disabled,1
unseren,1
hj?lper,1
festivals,1
772,1
fleste,1
vastbijt,1
personable,1
stora,1
tick,1
utgj?r,1
relative,1
sterke,1
gebeurt,1
sammen,1
inriktningen,1
tekniskt,1
gebruikt,1
t?get,1
gitlab,1
civic,1
vaardigheden,1
delightful,1
aangiftecampagne,1
endowment,1
utviklingsmuligheter,1
beautifully,1
drei,1
subsidiary,1
sk924760a,1
?n,1
chomping,1
proxy,1
just-enough,1
1st,1
hohes,1
exclusive,1
satisfy,1
nationals,1
ongeveer,1
computation,1
credentials,1
caliber,1
zones,1
workstations,1
lift,1
kundetilpassede,1
alternatives,1
predominant,1
spaces,1
diagnose,1
illness,1
dutch,1
v?rt,1
deines,1
framtid,1
callowhill,1
robustness,1
schick,1
liaise,1
quick-fire,1
intermediate-level,1
bug-tracker,1
qualmark,1
spectacular,1
jeff,1
jobbregistrering,1
teknikker,1
firsts,1
industry-leading,1
marrying,1
kindle,1
visioning,1
requested,1
utanf?r,1
daarmee,1
trenger,1
leuke,1
interesserer,1
unieke,1
ansettelse,1
krav,1
90252,1
gant,1
allowing,1
auckland-based,1
overtuigingskracht,1
penn,1
nzx,1
prachtige,1
klare,1
wanneer,1
ingeslagen,1
zij,1
engasjerte,1
top-down,1
wertvolle,1
people-centered,1
90379,1
hoder,1
fusion,1
vardagar,1
kloppend,1
friction,1
liaison,1
urvals-,1
simplicity,1
vertegenwoordigen,1
enjoyed,1
stabil,1
ravendb,1
selv,1
caused,1
adjustments,1
raspberry,1
complexity,1
evident,1
it-kennis,1
handheld,1
delivery-focused,1
expat-friendly,1
ansvaret,1
genereren,1
331,1
geheimen,1
salarisniveauschaal,1
stepping,1
selendroid,1
efficacy,1
bestaande,1
conde,1
impression,1
clinicians,1
couchdb,1
hinder,1
kunders,1
cmjo-1707-46927,1
adapters,1
hang,1
noise,1
beginfase,1
appliances,1
utvecklingsm?jligheter,1
1e,1
completeness,1
unbiased,1
youtube,1
wait,1
river,1
developer-focussed,1
skyen,1
dagen,1
rahmen,1
landschap,1
ease,1
medior,1
studienreferenten,1
relish,1
meticulous,1
non-sectarian,1
mannskapslister,1
pre-designed,1
keywords,1
high-availability,1
istqb,1
recognisable,1
soapui,1
tillg?ngliga,1
jeweilige,1
tevens,1
gamers,1
deter,1
omvangrijk,1
retiree,1
saas-based,1
juiste,1
recognized,1
shipping,1
deploys,1
-kunde,1
developing-team,1
fault-tolerant,1
evaluations,1
nhibernate,1
prediction,1
connects,1
lar,1
systemutviklere,1
technologist,1
fabrics,1
up-skill,1
execs,1
gebieden,1
v?rdefull,1
oerh?rt,1
boomf,1
cafe,1
stocked,1
sentral,1
bootcampen,1
verbindende,1
scheiden,1
belangen,1
standardization,1
minority-classified,1
disclosures,1
willst,1
leading-edge,1
gold-standard,1
modernise,1
interkulturalit?t,1
home-grown,1
provost,1
bestuurskunde,1
klaar,1
bureaucracy,1
toner,1
ewms,1
suitability,1
arbeitserfahrung,1
on-page,1
dezelfde,1
studiengeb?hren,1
meetbare,1
protects,1
relationaler,1
suppinger,1
roll-outs,1
caching,1
attestation,1
opened,1
michelle,1
ausgew?hlte,1
analytic,1
092814150,1
zaken,1
1ish,1
edx-based,1
sit,1
authors,1
nuget,1
aigent,1
olika,1
tett,1
puzzles,1
informally,1
sweden,1
reinvigorated,1
cultuur,1
90366,1
gericht,1
edits,1
viral,1
rewarddo,1
opposed,1
geographic,1
company-based,1
explaining,1
voting,1
europa,1
vehemently,1
inrichten,1
tijd,1
mom-and-pop,1
encountering,1
limitations,1
specifika,1
prosjekter,1
postcss,1
sealstation,1
boeiend,1
oppl?ring,1
academic-industry,1
distribute,1
presentations,1
selecting,1
toys,1
motiveres,1
tricks,1
innate,1
analytisch,1
funky,1
imparting,1
world-renowned,1
notice,1
achievement,1
rebase,1
spends,1
generasjons,1
atmel,1
instincts,1
intresse,1
orthodontics,1
kit,1
television,1
brutally,1
it-,1
focussing,1
api-driven,1
flexibele,1
cbsi,1
weitere,1
adam,1
ledande,1
inextricably,1
causes,1
gesch?ftssitz,1
wa,1
2-page,1
http,1
physical,1
lese,1
schriftelijke,1
trial,1
sops,1
sides,1
entsprechender,1
diagnosis,1
actual,1
greenfields,1
allerede,1
visionary,1
dine,1
celebrity,1
xp,1
sizable,1
texas,1
pronged,1
creativiteit,1
logged-out,1
protobuffs,1
over-sight,1
ligge,1
integreres,1
logische,1
wholly-owned,1
oversees,1
p?verka,1
unusual,1
delayed,1
datenbanken,1
total,1
ski,1
referral,1
reflects,1
warburg,1
technology-driven,1
angeles,1
bite,1
concurrent,1
communicative,1
construct,1
bez?glich,1
whanau-like,1
fortnight,1
statistical,1
varje,1
defines,1
professionalisering,1
digitale,1
deviate,1
snapt,1
repair,1
browsers,1
values-driven,1
morgondagens,1
paving,1
on-job,1
demo,1
open-minded,1
resultaten,1
register,1
skreddersydd,1
arrival,1
listing,1
virksomheter,1
dimensional,1
multi-disciplined,1
estimation,1
emr,1
quantities,1
lasting,1
iphone,1
af,1
d?,1
funded,1
ytterligere,1
is-t,1
plaats,1
tokyo,1
pre-built,1
rekordartat,1
equipped,1
lernbereitschaft,1
network-related,1
hannah,1
12-15,1
partnere,1
weights,1
fremover,1
portable,1
creatively,1
betalen,1
visjon,1
plusworking,1
mentors,1
institutionele,1
tilbyr,1
explosive,1
cruise,1
phoenix,1
pumped,1
spoc,1
totstandkoming,1
midst,1
uitvoeren,1
pre-employment,1
opportunites,1
tend,1
projected,1
cryptocurrencies,1
verantwoordelijke,1
oppdatering,1
inhoudelijk,1
jacinta,1
organizing,1
ood,1
fed,1
styles,1
cost-effectiveness,1
co-workers,1
computational-experimental,1
plugin,1
mentaliteit,1
-work,1
joint,1
anchoring,1
bishop,1
illustrator,1
tekniska,1
verification,1
kimball,1
moderner,1
sized,1
manageable,1
modelling,1
uten,1
dankzij,1
acquired,1
rush,1
adversary,1
customising,1
937277,1
?nske,1
citrix,1
freistellung,1
synchronous,1
vermogen,1
weigh,1
cs,1
berufsleben,1
oude,1
aimed,1
praxis,1
automated-testing,1
f?r?ndras,1
cache,1
finner,1
peil,1
webforms,1
kicks,1
esb,1
gerealiseerd,1
polished,1
dynamisch,1
egne,1
hackerrank,1
pi100624228,1
retrospective,1
kansen,1
vise,1
stem,1
atlassian,1
behoorlijke,1
dc,1
schema,1
55089521,1
checking,1
bedoeld,1
4493,1
ronde,1
fine,1
metro,1
philosophy,1
scala,1
touchstones,1
bbq,1
fachlichen,1
opp,1
pain,1
mock,1
skriv,1
2522,1
sosiale,1
transport,1
individually,1
message,1
pathway,1
buddie,1
architected,1
erbjuder,1
2497,1
preparation,1
st?ndigt,1
bereiken,1
domain-specific,1
assessed,1
timesheets,1
framfart,1
aussagekr?ftigen,1
2467,1
toolkits,1
tables,1
gevraagde,1
departmental,1
vertragslaufzeit,1
vokse,1
getr?nken,1
data-visualisatie,1
state-of-the,1
sollicitatieprocedurede,1
gain,1
ma?,1
distractions,1
refined,1
considerable,1
auswahl,1
desk-based,1
breathtaking,1
rekryteringsprocess,1
cyber-,1
scripten,1
probably,1
rette,1
project-based,1
kloke,1
f?lja,1
skape,1
2636279,1
betting,1
x2,1
pioneered,1
teknologi,1
virkelig,1
stylish,1
sj?lvst?ndigt,1
exactly,1
komplekse,1
enforcing,1
utover,1
subsidised,1
vaardig,1
aanwezig,1
cream,1
infinity,1
generalists,1
twice,1
programmeren,1
technologiesasurity,1
dimensions,1
homegrown,1
2499,1
laat,1
mrg,1
2492,1
anpassade,1
ofta,1
-lead,1
innovators,1
webbl?sningar,1
enthousiast,1
mostly-agile,1
arbetsplats,1
hat,1
slim,1
patches,1
konzepte,1
mye,1
templating,1
abreast,1
documenten,1
introduced,1
norden,1
park,1
aesthetics,1
lane,1
varandra,1
deretter,1
nieuw,1
opensource,1
model-view-controller,1
wasting,1
allowed,1
267,1
eksisterende,1
sourced,1
kracht,1
symbool,1
sowohl,1
answers,1
permit,1
branching,1
blasts,1
gehele,1
east,1
dependencies,1
user-centric,1
nieuwsgierig,1
february,1
mysteryland,1
refreshed,1
historical,1
overarching,1
development-centred,1
uniformly,1
installation,1
bedienen,1
japan,1
webservertechnologie?n,1
dom,1
frischem,1
lynn,1
holde,1
optimierung,1
sm?,1
breakfasts,1
jqueryui,1
participated,1
1-3,1
ma?ana,1
convenience,1
navigation,1
vurdere,1
tiriti,1
sticky,1
professional-level,1
deaths,1
multi-award-winning,1
grows,1
land,1
professionally,1
eigenverantwortliches,1
igenom,1
itil-beheerprocessen,1
stevens,1
residence,1
accommodate,1
natuurlijke,1
caught,1
fr?gor,1
unfamiliar,1
sweating,1
slice,1
mitwirkung,1
einsatz,1
kommunikation,1
catherine,1
phone-based,1
decrease,1
cargo,1
volgen,1
f?r?ndringstakt,1
nauwe,1
testbar,1
ourfullstack,1
arising,1
systeemrelaties,1
jobseekers,1
supplemental,1
forventes,1
convergence,1
arbeitsklima,1
nangalia,1
afgelopen,1
outages,1
locations,1
schnelle,1
beoordelen,1
crusty,1
targeting,1
disassembly,1
forkant,1
statistics,1
feasibility,1
precious,1
adapting,1
arranging,1
cross-functionally,1
betreft,1
eye-test,1
low-key,1
underscore,1
definiert,1
h?gt,1
surgical,1
snapp,1
da,1
spare,1
myriad,1
hoofd-,1
site-wide,1
yen,1
f?r,1
generella,1
behulp,1
flask,1
bounds,1
ict-infrastructuur,1
securely,1
macos,1
instructional,1
defends,1
raw-level,1
leaving,1
anbefale,1
tough,1
detail-oriented,1
end-points,1
trips,1
literally,1
fach,1
ebenfalls,1
wel,1
22nd,1
moderna,1
hen,1
kenntnisse,1
adopt,1
exceptionally,1
functieomschrijvingwil,1
ok,1
mastering,1
leverand?r,1
inschattingen,1
teamfit,1
greef,1
zulke,1
s?rger,1
admin,1
welcomed,1
concordian,1
streamlined,1
association,1
2640487,1
positieve,1
rspec,1
nearly,1
runbook,1
betrokkenen,1
1930,1
dots,1
hail,1
930357,1
multi-tier,1
itsm,1
116326,1
percent,1
gibt,1
breadth,1
bessemer,1
groom,1
channel,1
selvstendige,1
cleanliness,1
on-boarding,1
ontwerpt,1
banks,1
voortbrenging,1
founders,1
trumps,1
toetsende,1
minste,1
strongest,1
adviser,1
weer,1
approval,1
top-3,1
softwareentwicklungsprozesses,1
conjunction,1
akkreditiertes,1
trade-off,1
belongs,1
kostenlosen,1
milj?er,1
2471309,1
prosperity,1
ad-hoc,1
schwerpunkt,1
maandsalarismin,1
systemer,1
ellerslie,1
writer,1
volgende,1
bochum,1
operationeel,1
cpo,1
whakakaha,1
obtain,1
geori?nteerde,1
verzorgt,1
defect,1
organisatiedoelstellingen,1
minute,1
producers,1
2e,1
oppdragene,1
besides,1
drafting,1
scientists,1
infrastructuren,1
itil,1
resum?,1
garanti,1
selectiegesprekken,1
minded-visionaries,1
developments,1
educate,1
pixels,1
bottleneck,1
homes,1
favorably,1
voldoende,1
dry,1
benytter,1
flavors,1
integreren,1
false-positive,1
medium-,1
agent,1
doorontwikkeling,1
assimilate,1
orthodontic,1
data-driven,1
payfield,1
gesundheitsmanagement,1
fundraising,1
vernieuwend,1
employed,1
prospective,1
r?tt,1
authentication,1
underlying,1
mpp,1
levende,1
blanding,1
spelman,1
ides,1
hospital,1
afdelingsmanager,1
sonata,1
affiliated,1
quick-witted,1
yogales,1
extending,1
netto,1
associate,1
tells,1
oppdatert,1
fortsette,1
explanation,1
openly,1
qualities,1
hobbits,1
financi?le,1
verdiep,1
brightly,1
8th,1
continu,1
southeast,1
inter,1
synthesise,1
uitgerust,1
kindly,1
linux-based,1
customer-focussed,1
assume,1
utilizes,1
respectful,1
weken,1
tailor-made,1
mission-driven,1
vad,1
reflected,1
nga,1
onsite,1
w12,1
vistas,1
splitting,1
fine-tune,1
franchise,1
sine,1
saving,1
diagrams,1
realise,1
precise,1
studios,1
mike,1
tenants,1
optimizing,1
station,1
storyboards,1
ajax,1
afwegingen,1
garner,1
theoretisches,1
opencv,1
spa,1
stake,1
bygget,1
espouse,1
entertainment,1
overwegen,1
synes,1
worry,1
rubriken,1
doorgroeien,1
unites,1
reinvention,1
zonder,1
fremdrift,1
accompanying,1
f?r?nderliga,1
ends,1
ankit,1
productieomgeving,1
473,1
attacks,1
opposite,1
overlooking,1
celebrating,1
definitely,1
h?res,1
volgens,1
barriers,1
in-house-training,1
wharton,1
customer-visible,1
fl,1
evidence-based,1
management-related,1
australian,1
fester,1
abgestimmte,1
force,1
milj?et,1
themes,1
high-end,1
answer,1
erfahrenen,1
waarover,1
nebulous,1
-conduct,1
sunny,1
xcode,1
90453,1
oplossen,1
ans?kningar,1
interns,1
evangelizing,1
?pne,1
start-ups,1
fler,1
23,1
vollzeit,1
8055,1
profit-sharing,1
obsessed,1
85-90,1
focust,1
studienmodell,1
stand-bydiensten,1
revolutionary,1
dagens,1
linq,1
tactische,1
advies,1
gegevensmodellen,1
family-owned,1
descartes,1
tj_309568,1
prohibit,1
rundt,1
pressing,1
repos,1
probability,1
intersection,1
5-8,1
consumer-facing,1
consisting,1
fragmentation,1
faglige,1
fte,1
mocha-chai,1
objects,1
1s,1
dialogen,1
470,1
ca,1
workstation,1
automatization,1
suitebundles,1
disrupting,1
excelleren,1
nylig,1
biking,1
happier,1
l?nn,1
maxbo,1
technologie,1
wissen,1
politieke,1
anticipated,1
w?chentlichen,1
heel,1
etablering,1
neben,1
bolag,1
obligations,1
l?ra,1
-assist,1
psychological,1
curiosity,1
inspections,1
outcome,1
faculty,1
yoga,1
1180,1
intrinsische,1
hver,1
bland,1
indicator,1
semantically,1
fr?gar,1
merkevarer,1
mixtiles,1
tested,1
tv,1
c,1
branschens,1
supporter,1
opgebouwd,1
dramatic,1
ingang,1
unbefristete,1
aligner,1
carbonzero,1
tackles,1
teknologivalgene,1
fortunately,1
pig,1
track-record,1
insightful,1
macho,1
es7,1
insulation,1
burton,1
technologists,1
transportation,1
visualisation,1
gern,1
rec,1
external-facing,1
shower,1
otherwise,1
studienzwecke,1
aigents,1
arjo-1712-47237,1
leather,1
bereid,1
ibm-tooling,1
sticker,1
bezig,1
journeys,1
skillsoft,1
cross-department,1
denkt,1
festen,1
aktivt,1
zwarte,1
derive,1
-based,1
dml,1
traction,1
retailer,1
pin-,1
jp,1
convert,1
subsidy,1
passive,1
tr?kk,1
anerkjent,1
corebusiness,1
f?r?ndrats,1
detailing,1
zien,1
wishing,1
sustained,1
polsbandjes,1
ara-recognised,1
-consistently,1
ssas,1
kjennskap,1
pan-european,1
kneepjes,1
ziet,1
villages,1
cannot,1
multi-platform,1
digitizing,1
relatie,1
actieve,1
brilliant,1
vertex,1
invests,1
jh_545525,1
lit,1
marshall,1
zero-premium,1
oplossingsgerichtheid,1
qualitative,1
499,1
g?tt,1
acted,1
occasions,1
included,1
bezit,1
test-covered,1
bias,1
branded,1
methodologie?n,1
administer,1
377,1
seemingly,1
?ltijd,1
threads,1
contents,1
dependant,1
criticism,1
rad,1
transfer,1
ah_514871,1
5911677,1
cold,1
phased,1
ruling,1
interactively,1
113353353,1
non-print,1
90285,1
celebrations,1
disrupted,1
phase,1
teresa,1
layouts,1
govt,1
furthermore,1
n,1
rolling,1
samarbeid,1
barry,1
exploiter,1
modellierung,1
sacrifices,1
afdeling,1
870,1
professorship,1
rearrange,1
novel,1
empathize,1
unchartered,1
anticipate,1
proofs,1
mid-front,1
namen,1
coded,1
snowflake,1
repetitive,1
header,1
unconscious,1
else,1
hbo,1
scaleable,1
spannender,1
beaver,1
staging,1
kl?fta,1
observations,1
front-loaded,1
logically,1
andre,1
all-rounder,1
blended,1
poor,1
unik,1
antwoorden,1
autonomously,1
immersing,1
fourth,1
bold,1
ekstern,1
ipad,1
generalist,1
one-stop-shop,1
highly-scalable,1
detaljhandeln,1
technischer,1
maths,1
walking,1
footprint,1
in-car,1
pensjonsordning,1
alexander,1
innovating,1
chatbot,1
lived,1
puc,1
standing,1
coffeescript,1
growth-based,1
virtualisierungstechnologien,1
graphql,1
vijftien,1
2527,1
summarycbre,1
genders,1
es,1
near-full,1
kjennetegnes,1
capacious,1
intensive,1
http-cache,1
committee,1
7-8,1
hierbij,1
unnecessary,1
opparbeidet,1
exemption,1
critique,1
onderscheiden,1
absolutely,1
cra,1
omzetten,1
cornerstone,1
-7,1
undertaken,1
gro?,1
sqllite,1
organisatiesensitiviteit,1
scenario,1
thirst,1
kwaliteit,1
legger,1
guy,1
abackend,1
standaard,1
hoppa,1
migrating,1
michigan,1
sport,1
arbeitszeitgestaltung,1
productions,1
inject,1
elf,1
nacht,1
bitbucket,1
mixture,1
theoretische,1
speaks,1
betreuung,1
encrypted,1
unit-test,1
microsite,1
jo-1712-47249,1
beheertechnieken,1
sammeln,1
volunteering,1
syncs,1
prosesser,1
mapkit,1
manier,1
sm?plukk,1
collect,1
high-load,1
strives,1
re-evaluating,1
co-founded,1
stimulating,1
wenn,1
lager,1
monetization,1
shortage,1
stating,1
ontwikkelt,1
onboard,1
geschrieben,1
hapori,1
ontwikkel,1
7-10,1
screens,1
chrome,1
gedegen,1
raised,1
zenhub,1
customized,1
codedui,1
employs,1
tvers,1
apparent,1
presented,1
achievable,1
thought-leader,1
preeminent,1
steg,1
querys,1
bean,1
datastores,1
collective,1
vis,1
sheppard,1
nible,1
nimble,1
tuesday,1
modernen,1
godt,1
brukes,1
dives,1
lever,1
walks,1
nearby,1
vele,1
longer-term,1
overheidsorganisaties,1
rank,1
residing,1
veertig,1
seeing,1
zelfsturend,1
stabiel,1
eliminate,1
builder,1
emergent,1
fine-tuning,1
rapportages,1
apeldoorn,1
tilvekst,1
cmu,1
denna,1
likelihood,1
superannuation,1
picking,1
though,1
hills,1
unreasonable,1
paradigms,1
nicely,1
eenduidig,1
secondments,1
achievers,1
ontsluit,1
supervisor,1
harmonization,1
effectiviteit,1
jlpt,1
on-the-fly,1
scanner,1
bachelors,1
pioneer,1
functioneren,1
testimonials,1
systemutvikler,1
pooling,1
smellie,1
h?yprofilerte,1
waiting,1
clarify,1
mock-ups,1
waitaki,1
schemas,1
rdbms,1
trend,1
certainly,1
n?rhet,1
proposition,1
prioritizing,1
balans,1
speelt,1
contracts,1
wert,1
fail,1
dining,1
andy,1
predictive,1
involves,1
bygger,1
appstore,1
genau,1
beheren,1
ondernemen,1
generates,1
taken,1
113221385,1
slack,1
arthur,1
widget,1
desk,1
behoefte,1
skremme,1
utilisation,1
krjo-1712-47234,1
eventually,1
fueled,1
elegantly,1
ever-increasing,1
800,1
finished,1
educated,1
wsgi,1
reception,1
externally,1
edition,1
gro?er,1
localization,1
hyper-v,1
preserve,1
backlog,1
say,1
motor,1
it-omgevingen,1
drevet,1
nach,1
enterprise-grade,1
forn?yd,1
juniorer,1
moved,1
arbeitszeit,1
catalog,1
begrijpt,1
beskriver,1
blog,1
waarbij,1
pie,1
engineeringabout,1
hedge,1
gerust,1
mental,1
appearance,1
9174,1
fagmilj?,1
salaries,1
swedish,1
opnemen,1
safari,1
proposal,1
f?rb?ttra,1
shield,1
print,1
learners,1
embarcadero,1
conversation,1
?bergangswohnung,1
bad,1
boot,1
fruition,1
marketing-based,1
inefficiency,1
formats,1
archidev,1
feeling,1
towel,1
angela,1
4455,1
mention,1
iwi,1
sollicitatiegesprekken,1
parents,1
aldri,1
robotics,1
agtech,1
neste,1
studierst,1
introduction,1
comply,1
roboticists,1
-support,1
happened,1
overhead,1
legen,1
movies,1
engels,1
begs,1
inspirational,1
self-starter,1
prosessen,1
lp,1
appear,1
ontwerpen,1
fortnightly,1
breathe,1
helt,1
hard-,1
reverse,1
mm_545717,1
ut,1
usable,1
teamf?higkeit,1
overheidsdatacenter,1
went,1
tosca,1
elevate,1
tailored,1
rangahau,1
top-tier,1
wholesale,1
eisen,1
overcame,1
s?kerst?lla,1
philosophies,1
milj?,1
self-studies,1
pm,1
10th,1
sig,1
curis,1
pnz,1
akqa,1
scrappy,1
welman,1
89887,1
entering,1
eeo,1
walk-throughs,1
str?var,1
sem,1
yahoo,1
gesundheitssektor,1
545,1
geldstroom,1
embed,1
stef,1
scm,1
on-campus,1
gatling,1
bank,1
prefers,1
conceptual,1
toepassen,1
cash,1
uitwerking,1
problem-solver,1
entsprechende,1
uis,1
snacks,1
future-oriented,1
amazingly,1
positief,1
ict-gerelateerde,1
outputting,1
maximised,1
maneuver,1
nonprofit,1
implementatie,1
webpack,1
teamworking,1
longer,1
nordic,1
motsvarande,1
resulterer,1
realize,1
faglig,1
reinvented,1
89,1
ea070,1
data-analyses,1
hvorfor,1
teacher,1
immediately,1
-new,1
canvas,1
jh_494190,1
self-directing,1
terrace,1
helpen,1
ble,1
schumacher,1
-10,1
crash-free,1
mappers,1
klikke,1
apprentice,1
s?knadsfristens,1
contactuele,1
mongoid,1
dagelijks,1
border,1
concrete,1
ii,1
self-govern,1
v?xande,1
footer,1
sneller,1
gelijkwaardige,1
naturlig,1
technology-,1
?rene,1
symmetric,1
90000,1
predictable,1
shareable,1
gezamenlijk,1
high-energy,1
counter,1
markedsleder,1
foran,1
distinct,1
neuroscience,1
micro-service,1
fulford,1
cumulative,1
0s,1
cheaper,1
boek,1
behoort,1
stuff,1
bag,1
kick,1
intelligente,1
afdelingen,1
tj?nst,1
wearables,1
onderken,1
dependency,1
praxisnaher,1
m?jligheten,1
techniek,1
agility,1
employers,1
lenders,1
accounting,1
markedet,1
sinds,1
-ensure,1
fabric,1
magic,1
container,1
moodle,1
lock,1
discussed,1
rooms,1
clicks,1
establishes,1
lightspeed,1
tillit,1
pad,1
follow-the-textbook,1
tenslotte,1
fluently,1
auslandserfahrung,1
kjernekompetanse,1
snug,1
eigenschappen,1
bewust,1
game-changing,1
pollution,1
compatible,1
taonga,1
beheerd,1
assure,1
fafsa,1
comfort,1
etterutdanningsprogram,1
bijzaken,1
majoring,1
choosing,1
r?dgivande,1
komplette,1
seize,1
odd,1
daher,1
percentage,1
bhsai,1
co?rdineren,1
modification,1
konkurransedyktige,1
eclectic,1
instructors,1
deskbeers,1
plate,1
maintainable,1
diagnosing,1
ontdekken,1
softwareentwicklungsprozess,1
s?knader,1
stop,1
voorraad,1
5g,1
reapply,1
organizationally,1
2651196,1
imaginative,1
leverera,1
technology17,1
frontlinjen,1
twee,1
cookie,1
enthousiaste,1
videreutvikle,1
snijvlak,1
hovedsak,1
kode,1
fore,1
modellers,1
leiden,1
outlets,1
sourcerers,1
l?sningene,1
re-design,1
lower,1
signatures,1
spain,1
l?sning,1
statements,1
steam,1
unquestionably,1
flexibilit?t,1
hochmotivierte,1
close-knit,1
interst,1
netwerker,1
gis,1
rockefeller,1
949970,1
javascipt,1
utviklingsoppdrag,1
optional,1
earning,1
clearance,1
42,1
hospitals,1
guided,1
underway,1
onzekerheden,1
10-4,1
robustly,1
listening,1
kitchens,1
ordering,1
score,1
ext,1
bundles,1
sier,1
newly-integrated,1
voordoen,1
lending,1
concerning,1
lost,1
specified,1
employer-funded,1
greatest,1
separately,1
verwachtingen,1
tidsanalyse,1
teknologien,1
neer,1
nexus,1
nysgjerrig,1
bedient,1
formerly,1
webapp,1
fascinating,1
investerer,1
component-based,1
techs,1
0-2,1
ontmantelen,1
commence,1
disparate,1
krijgen,1
brought,1
storm,1
ea068,1
generalized,1
doors,1
certain,1
discretionary,1
lifts,1
cit,1
bancaire,1
data-oriented,1
danach,1
published,1
wonderful,1
schaumburg,1
innovativa,1
approximately,1
arise,1
automasjon,1
vagrant,1
hogehilweg,1
enorma,1
tr?d,1
sass,1
undertaking,1
??n,1
komplexer,1
utdannelse,1
effektivisere,1
athletic,1
characters,1
signs,1
versed,1
annen,1
4-6,1
out-of-the-box,1
corner,1
considers,1
herlig,1
containerisation,1
redefine,1
pinot,1
incorporating,1
exists,1
techneut,1
graduated,1
sageview,1
kr?vs,1
directed,1
taught,1
upp?t,1
slowing,1
baylor,1
schrijfvaardigheden,1
countryside,1
crossover,1
extraction,1
regeling,1
deelt,1
gesamten,1
nur,1
ner,1
-proactively,1
konfigurationsmanagement-tools,1
miljoenen,1
moscowjob,1
tournaments,1
up-skilling,1
investigate,1
variable,1
x,1
n?ra,1
angelegt,1
gross,1
graduating,1
referred,1
analytically,1
starke,1
high-calibre,1
internationalization,1
veelvuldig,1
solution-oriented,1
prosjektledelse-,1
registered,1
13e,1
onto,1
enrichment,1
shows,1
speeding,1
losing,1
devs,1
indefinite,1
honest,1
fatte,1
later-stage,1
massages,1
combinatie,1
lokalisert,1
?ppnar,1
webhostingapplicaties,1
affect,1
fh,1
proposing,1
leverancier,1
hartje,1
miljarden,1
vekstfase,1
predominantly,1
bv,1
retrieve,1
betydande,1
amro,1
nicky,1
redraw,1
refer,1
quiet,1
liquid,1
silver,1
owns,1
ice,1
loads,1
restaurants,1
optimale,1
tijde,1
h?per,1
bachelor-,1
mooie,1
e?n,1
venture-backed,1
dogged,1
empirically,1
actors,1
touch-enabled,1
coachen,1
ausgepr?gtes,1
ruim,1
partial,1
circa,1
laboratory,1
rooftop,1
internationalisation,1
arbeid,1
leasing,1
koop,1
zorgt,1
enterprises,1
fantasic,1
neurotechnology,1
breaking,1
bijdragen,1
tier,1
awe,1
stress,1
state-less,1
signed,1
datafangst,1
passions,1
-managing,1
planet,1
-five,1
high-trust,1
intern,1
harbour,1
apostrophes,1
modellen,1
technology-rich,1
heroku,1
macro,1
intrinsic,1
opplevd,1
garant,1
gayatri,1
paternity,1
vests,1
928,1
ranks,1
nicole,1
inference,1
gjelder,1
beschikken,1
guarding,1
schnell,1
dataflytdesign,1
pictures,1
priding,1
?kt,1
lifespan,1
helm,1
samblas,1
flexibiliteit,1
ambisi?st,1
coerced,1
oop,1
ona,1
graph,1
handful,1
optimizations,1
comparative,1
teamspirit,1
kreativpausen,1
translation,1
quit,1
dbaas,1
vertaalslag,1
future-proof,1
services-related,1
wcf,1
discrimination,1
gorgeous,1
jag,1
toekomstbestendig,1
richtige,1
specialties,1
dynamically,1
soul,1
privately,1
converted,1
complement,1
arbitrary,1
experimental,1
relations,1
dessa,1
concussion,1
verwerkt,1
co-creator,1
avtale,1
grobler,1
part-time,1
maturity,1
hierin,1
vendor,1
fulfil,1
88430,1
kunnskap,1
crunch,1
team-at-large,1
hard-working,1
mobilize,1
toegangscontrole,1
specs,1
3-6,1
90367,1
drives,1
projections,1
varying,1
mortgage,1
integratieprotocollen,1
satisfies,1
tillsatt,1
e-handeln,1
travis,1
beteiligter,1
rebuild,1
generic,1
wekelijks,1
niche,1
attending,1
daemons,1
utvecklingsteamen,1
leveranser,1
prosessene,1
pmo,1
arbeidsgiver,1
changer,1
emphasise,1
kontoret,1
d3,1
technisch,1
institutions,1
vorm,1
listen,1
organismen,1
expertroller,1
fingerprint,1
aptitude,1
reo,1
interesse,1
completive,1
peripheral,1
high-profile,1
players,1
increases,1
portalen,1
finer,1
benodigde,1
predominately,1
strategisch,1
veldig,1
mind,1
bhjo-1712-47215,1
trainings-,1
0800,1
inte,1
cryptography,1
additionally,1
disrupt,1
utilities,1
moderate,1
landschappen,1
orms,1
