experience,849
development,560
team,555
software,372
working,351
en,331
je,260
design,252
skills,234
de,224
knowledge,220
product,211
van,208
technical,205
company,203
een,193
strong,189
years,189
developer,188
applicants,185
environment,178
people,171
agile,165
business,162
technology,161
het,161
apply,158
valid,152
digital,148
best,145
services,144
help,142
across,141
computer,141
data,138
applications,138
solutions,136
using,136
developers,132
ability,132
support,132
information,127
like,127
senior,126
code,125
get,123
technologies,120
application,120
projects,120
part,120
systems,118
excellent,115
make,115
based,113
understanding,113
cloud,112
including,111
build,110
within,109
time,104
management,104
high,103
user,103
test,102
take,101
provide,100
engineering,98
must,98
testing,98
need,97
leading,95
building,93
developing,93
would,92
develop,91
opportunities,91
communication,90
experienced,90
system,87
tools,86
och,86
met,85
innovative,85
key,84
growing,84
products,83
du,82
create,81
project,80
right,80
teams,79
engineer,78
relevant,78
ensure,77
highly,77
every,77
degree,77
office,77
platform,76
op,76
love,76
focus,75
open,75
able,74
full,74
complex,74
quality,74
clients,74
security,73
responsible,72
want,71
candidates,70
deliver,70
organisation,70
requirements,69
use,69
te,69
successful,68
passion,68
med,67
og,67
lead,66
culture,66
offer,66
level,66
customer,66
least,66
collaborative,65
related,65
programming,65
als,64
delivery,64
training,64
multiple,63
integration,63
stack,63
learning,63
value,63
service,63
som,62
client,61
architecture,61
improve,60
around,60
ideas,60
things,59
react,58
practices,58
om,58
die,58
und,57
global,56
voor,56
core,56
considered,56
passionate,56
may,55
contact,55
grow,55
required,55
delivering,54
process,54
engineers,54
learn,53
modern,53
impact,51
end,51
scrum,51
continuous,50
science,50
apps,50
benefits,50
industry,50
closely,49
equal,49
believe,49
front-end,49
enjoy,49
big,49
flexible,48
large,48
market,48
solid,48
source,48
av,48
following,47
professional,47
providing,47
performance,47
customers,47
come,46
talented,46
available,46
range,46
recruitment,46
production,46
research,46
include,46
maintain,45
written,45
future,45
start,45
growth,45
free,45
hear,45
latest,44
commercial,44
small,44
problems,44
features,44
members,44
processes,44
health,44
aws,43
way,43
jouw,43
employment,43
making,43
understand,43
personal,43
kan,43
implementation,43
focused,42
look,42
creative,42
top,42
internal,42
leadership,42
interested,42
driven,42
currently,42
approach,41
problem,41
på,41
values,41
jij,41
att,41
meet,41
national,41
fujitsu,41
dynamic,41
hands-on,40
similar,40
bring,40
world,40
unique,40
solution,40
backend,40
contract,40
public,39
variety,39
know,39
permanent,39
proven,39
edge,39
dat,39
background,38
online,38
front,38
salary,38
hebt,38
send,38
needs,38
tech,38
success,38
er,38
alongside,37
next,37
expert,37
per,37
involved,37
enterprise,37
proud,37
automation,37
drive,37
awesome,36
analytics,36
talent,36
employer,36
existing,36
current,36
first,36
chance,36
devops,36
think,36
operations,36
database,36
vi,35
roles,35
responsibilities,35
är,35
har,35
share,35
tasks,35
analysis,35
social,35
contribute,35
creating,35
users,35
fast,35
call,34
via,34
see,34
writing,34
niet,34
diverse,34
frameworks,34
paid,34
comfortable,34
cyber,34
competitive,33
deze,33
framework,33
frontend,33
active,33
interest,33
expertise,33
thrive,33
bij,33
plan,33
ideal,33
diversity,33
wij,33
plus,33
minimum,33
place,32
write,32
real,32
designing,32
familiarity,32
used,32
collaborate,32
group,32
infrastructure,32
solve,32
för,32
many,32
different,32
platforms,32
aan,32
der,31
agency,31
leader,31
central,31
mission,31
achieve,31
critical,30
sexual,30
strategy,30
much,30
email,30
version,30
architect,30
companies,30
field,30
scale,30
bent,30
qualifications,30
staff,30
hours,29
education,29
ateles,29
basis,29
set,29
change,29
early,29
daily,29
international,29
months,29
control,28
hiring,28
wordt,28
vision,28
order,28
really,28
manage,28
solving,28
external,28
hard,28
sprint,28
startup,28
website,28
forward,28
organization,27
care,27
identify,27
established,27
wider,27
equivalent,27
language,27
note,27
site,27
helping,27
changing,27
visit,27
disability,27
planning,27
silverstripe,27
environments,27
decisions,27
go,27
exposure,26
wide,26
meer,26
mentoring,26
link,26
automated,26
bonus,26
award,26
attitude,26
languages,26
committed,26
life,26
encourage,26
content,26
participate,26
important,26
confidential,26
maintenance,26
naar,26
empower,26
till,25
ownership,25
space,25
tests,25
collaboration,25
rest,25
january,25
better,25
positions,25
maintaining,25
academic,25
analytical,25
verbal,25
positive,25
concepts,25
comes,25
strategic,25
ontario,25
distributed,25
specific,25
employees,25
potential,25
beyond,25
various,25
outstanding,25
unit,24
ready,24
familiar,24
last,24
supporting,24
marketplace,24
ook,24
responsive,24
willing,24
challenge,24
ensuring,24
requires,24
find,24
server,24
operate,24
huge,24
zijn,24
sharing,24
desire,24
area,23
fun,23
results,23
communicate,23
exceptional,23
reach,23
onze,23
actively,23
without,23
experiences,23
located,23
player,23
location,23
functional,23
challenges,23
apis,23
architectural,23
ben,23
back,23
standards,23
kennis,23
circleci,23
regular,23
insurance,23
government,22
responsibility,22
significant,22
smart,22
friendly,22
keen,22
native,22
beautiful,22
feedback,22
close,22
cover,22
year,22
fantastic,22
managing,22
click,22
deployment,22
offers,22
community,22
live,22
deep,22
relationships,22
champion,21
skill,21
aspects,21
issues,21
marital,21
require,21
fit,21
contributing,21
coffee,21
thinking,21
others,21
analyst,21
effective,21
operating,21
defense,21
corporate,21
individuals,21
general,21
word,21
events,21
towards,21
line,21
done,21
submit,21
inclusive,21
å,21
preferred,21
appropriate,21
hands,20
fruit,20
fast-moving,20
full-stack,20
could,20
workplaces,20
medical,20
methodologies,20
recognised,20
cutting,20
css,20
record,20
individual,20
together,20
built,20
document,20
web-based,20
interesting,20
students,20
due,20
getting,20
access,20
play,20
english,20
uit,19
energy,19
extensive,19
busiest,19
brand,19
extra,19
hold,19
arbeidsvoorwaarden,19
detail,19
quickly,19
assist,19
visual,19
list,19
attention,19
mit,19
keep,19
restful,19
mentor,19
essential,19
prior,19
got,19
thousands,19
engage,19
always,19
afraid,19
formal,19
rapidly,19
driving,19
saas,19
constantly,19
proficiency,19
aantal,18
taking,18
gender,18
excited,18
areas,18
connecting,18
sollicitatie,18
course,18
continued,18
continue,18
search,18
willingness,18
innovation,18
along,18
windows,18
viglink,18
leads,18
previous,18
machine,18
format,18
det,18
fast-paced,18
given,18
sounds,18
manager,18
financial,18
ideally,18
subject,18
azure,18
databases,18
commitment,18
provided,18
offering,18
partner,18
week,18
scalable,18
review,18
takes,18
something,18
flexibility,18
master,18
continuously,17
intended,17
den,17
enable,17
recruiting,17
expect,17
define,17
largest,17
visiting,17
page,17
implement,17
netsuite,17
letter,17
long,17
din,17
day,17
discriminate,17
program,17
networking,17
move,17
check,17
vibrant,17
capabilities,17
stakeholders,17
finalist,17
completion,17
businesses,17
reflect,17
ongoing,17
nieuwe,17
efficient,17
tot,17
result,17
fully,17
store,17
ref,17
dev,17
perform,17
components,17
healthcare,17
coding,16
mvc,16
return,16
weeks,16
til,16
dan,16
become,16
skilled,16
package,16
initiatives,16
clear,16
receive,16
direction,16
designers,16
sound,16
short,16
show,16
progression,16
integrate,16
encourages,16
even,16
profile,16
technische,16
additional,16
questions,16
plans,16
proficient,16
accordance,16
power,16
intelligence,16
advanced,16
pay,16
consulting,16
succeed,16
2018,16
belastingdienst,16
interfaces,16
motivated,16
ervaring,16
kenexa,16
dig,16
documentation,16
wil,16
resources,16
im,16
deploy,16
local,15
possible,15
status,15
requirement,15
expand,15
healthy,15
give,15
complete,15
track,15
happy,15
broad,15
sites,15
challenging,15
millions,15
improving,15
heart,15
practical,15
room,15
date,15
execute,15
reviews,15
principles,15
worked,15
embedded,15
programs,15
member,15
capable,15
collaborating,15
guide,15
term,15
soon,15
number,15
advantage,15
run,15
created,15
html,15
helps,15
nav,15
budget,15
eller,15
marketing,15
basic,15
improvement,15
pride,14
plenty,14
decision,14
generation,14
professionals,14
designed,14
remote,14
details,14
ett,14
worden,14
scripting,14
ruby,14
energetic,14
managers,14
founded,14
game,14
custom,14
fire,14
throughout,14
effectively,14
particularly,14
spring,14
regarding,14
nog,14
rails,14
mee,14
techniques,14
cbre,14
blockchain,14
university,14
enthusiastic,14
cbd,14
single,14
communications,14
feel,14
usability,14
deel,14
choice,14
bunch,14
everything,13
colleagues,13
practice,13
guidance,13
nice,13
engine,13
center,13
supportive,13
addition,13
provides,13
main,13
outside,13
evolving,13
cross-functional,13
less,13
includes,13
works,13
applicable,13
common,13
family,13
clearly,13
wir,13
libraries,13
class,13
changes,13
carving,13
kunnen,13
feature,13
levels,13
én,13
internet,13
video,13
offices,13
adaptable,13
base,13
inom,13
overall,13
docker,13
view,13
stay,13
strategies,13
display,13
shaping,13
robust,13
implementing,13
wat,13
demonstrated,13
demonstrate,13
goals,13
winning,13
ground,13
in-depth,13
functionality,13
button,13
several,13
insights,13
oriented,13
mysql,13
dental,12
regularly,12
junior,12
integrating,12
embrace,12
specifications,12
craft,12
trusted,12
activities,12
stomach,12
builds,12
leave,12
testers,12
hit,12
intermediate,12
listed,12
uren,12
performing,12
empowered,12
directly,12
nsa,12
mix,12
states,12
rare,12
already,12
dynamics,12
bijvoorbeeld,12
door,12
legal,12
technically,12
ambitious,12
contacted,12
maken,12
rijksoverheid,12
interview,12
count,12
importance,12
input,12
orientation,12
freedom,12
micro,12
drop,12
lot,12
break,12
goal,12
volume,12
foreign,12
read,12
angular,12
start-up,12
put,12
today,12
challenged,12
warfare,12
interaction,12
completed,12
processing,12
action,12
emerging,12
behandeling,12
deploying,12
san,12
speed,12
partners,12
lots,12
joining,12
add,12
means,12
500,12
pitch,12
et,12
young,11
everyone,11
zowel,11
entire,11
inclusion,11
flat,11
days,11
seriously,11
ist,11
combination,11
touch,11
defined,11
major,11
ways,11
lunch,11
graag,11
tjänsten,11
united,11
mobility,11
einer,11
primarily,11
etc,11
designs,11
voorkeur,11
possibly,11
monitoring,11
proceed,11
strive,11
developed,11
made,11
conferences,11
military,11
veteran,11
seek,11
couple,11
relation,11
vacation,11
dedicated,11
either,11
gaat,11
tdd,11
resume,11
welcome,11
methodology,11
present,11
lives,11
step,11
never,11
rely,11
einem,11
von,11
alle,11
ons,11
resolve,11
ser,11
execution,11
devices,11
desirable,11
back-end,11
sets,11
für,11
turn,11
former,11
vragen,11
optimal,11
där,11
meaningful,10
oss,10
programme,10
ecommerce,10
places,10
full-time,10
sure,10
regardless,10
scope,10
goed,10
closing,10
in-house,10
super,10
backed,10
relational,10
seen,10
enjoys,10
deg,10
coaching,10
hebben,10
releases,10
operational,10
story,10
reliability,10
enables,10
personnel,10
qualification,10
discussion,10
offered,10
immediate,10
investment,10
becoming,10
brands,10
city,10
guild,10
interface,10
zich,10
expected,10
known,10
locally,10
unsolicited,10
cloud-based,10
dod,10
object,10
debugging,10
quick,10
startups,10
protected,10
interpersonal,10
street,10
choose,10
binnen,10
behind,10
advice,10
secure,10
target,10
increase,10
administration,10
month,10
world-class,10
både,10
example,10
recent,10
facing,10
report,10
easy,10
advocate,10
dependent,10
documents,10
point,10
makes,10
form,10
studio,10
analysts,10
talk,10
side,10
structure,10
spend,10
keeping,10
interviewing,10
vacature,10
shortlisted,10
capability,10
foster,10
interact,10
mid,10
rol,10
microservices,10
demands,10
fresh,10
server-side,10
annual,10
automate,10
copy,10
hunt,10
nodejs,10
london,10
hos,10
assigned,10
travel,9
omgeving,9
onder,9
balance,9
rather,9
thrives,9
cycle,9
running,9
naast,9
procedures,9
minimaal,9
brief,9
seine,9
optimization,9
clicking,9
especially,9
possess,9
reference,9
transformation,9
rapid,9
policies,9
problemen,9
matter,9
human,9
department,9
graduate,9
availability,9
hundreds,9
student,9
likes,9
vara,9
assessment,9
collaboratively,9
ontwikkelen,9
leaders,9
geen,9
werken,9
coming,9
francisco,9
beschikt,9
attend,9
real-time,9
xero,9
organizational,9
retail,9
deal,9
setting,9
supports,9
teach,9
integrated,9
sterk,9
home,9
kunt,9
accommodation,9
productivity,9
fortune,9
japanese,9
tertiary,9
patterns,9
period,9
restrictions,9
accept,9
contributions,9
guidelines,9
vil,9
optimising,9
programmatic,9
qualified,9
hire,9
truly,9
zoals,9
sowie,9
trust,9
independently,9
deadlines,9
capacity,9
privacy,9
description,9
upon,9
approaches,9
outcomes,9
assurance,9
pension,9
prioritize,9
websites,9
improvements,9
forms,9
push,9
venture,9
treated,9
property,9
manually,9
dcips,9
recruit,9
heb,9
staat,9
utilizing,9
shape,9
vulnerability,9
biggest,9
sli,9
specialist,9
dit,9
12,9
interacting,8
maintains,8
eine,8
trading,8
pipelines,8
40,8
establish,8
manner,8
produce,8
detailed,8
fields,8
style,8
mogelijk,8
plays,8
adding,8
generous,8
points,8
ak,8
quantitative,8
producing,8
electrical,8
sell,8
low,8
past,8
fintech,8
jane,8
viewed,8
fastest,8
championing,8
led,8
effort,8
day-to-day,8
designer,8
e-commerce,8
acceptable,8
executive,8
valued,8
samen,8
troubleshooting,8
consistently,8
release,8
connect,8
rate,8
identity,8
legally,8
media,8
up-to-date,8
sap,8
organisations,8
needed,8
jezelf,8
voice,8
influence,8
aanleiding,8
updated,8
acquisitie,8
allow,8
private,8
ship,8
miss,8
limited,8
natural,8
object-oriented,8
affirmative,8
dus,8
programmes,8
drinks,8
des,8
hardware,8
functions,8
extremely,8
honesty,8
long-term,8
forefront,8
necessary,8
creation,8
production-ready,8
amount,8
benefit,8
compliance,8
uses,8
infrastructuur,8
applied,8
ranging,8
strictest,8
fill,8
heavily,8
fluent,8
deeply,8
mer,8
tempus,8
priority,8
enough,8
worldwide,8
04,8
let,8
prijs,8
resource,8
communicator,8
reporting,8
jenkins,8
owner,8
attractive,8
account,8
direct,8
stories,8
constant,8
model,8
old,8
applying,8
perfect,8
trends,8
massive,8
våra,8
transforming,8
easily,8
serve,8
beneficial,8
reviewing,8
bugs,8
na,8
ever,8
fundamentals,8
ci,8
independent,8
silverstripers,8
github,8
foundation,8
advertising,8
encouraged,8
lösningar,8
vår,8
enhance,8
dirty,8
3d,8
asked,8
banking,8
entitled,8
samenwerken,8
houd,8
emobility,8
duties,8
examples,8
party,8
analyze,8
continually,8
primary,8
red,8
efficiently,8
keeps,8
cultures,7
perks,7
das,7
title,7
function,7
schedule,7
constructive,7
compensation,7
aansluiten,7
black,7
doet,7
autonomous,7
undergraduate,7
kubernetes,7
house,7
soap,7
defensive,7
final,7
improved,7
rock,7
söker,7
remotely,7
recommendations,7
delivered,7
ze,7
optimisation,7
vinden,7
reimbursement,7
daarvoor,7
striving,7
jaar,7
address,7
journey,7
represent,7
response,7
whattam,7
functie-eisen,7
sustainable,7
browser,7
comprehensive,7
pick,7
channels,7
610,7
protect,7
era,7
reputation,7
section,7
atmosphere,7
act,7
spennende,7
reliable,7
friday,7
roadmap,7
heeft,7
cognitive,7
tasked,7
vaste,7
beroep,7
bridge,7
eus,7
suite,7
andere,7
vilket,7
assisting,7
auf,7
b2b,7
meeting,7
owned,7
whole,7
opgestelde,7
paced,7
einen,7
engaging,7
nosql,7
mark,7
providers,7
bit,7
18,7
lean,7
kommer,7
productive,7
analyseren,7
equally,7
selenium,7
persoonlijke,7
pureapplication,7
tourism,7
standard,7
braincheck,7
history,7
kun,7
uk,7
clean,7
acceptance,7
easier,7
offensive,7
europe,7
cutting-edge,7
preferably,7
utilising,7
groei,7
starting,7
erfahrung,7
innovate,7
path,7
tight,7
alfie,7
sense,7
behavior,7
samenstellen,7
hosting,7
hiermee,7
often,7
computational,7
requests,7
emphasis,7
interviews,7
penetration,7
handle,7
majority,7
steeds,7
responses,7
importantly,7
b2c,7
workflow,7
self,7
uitmaken,7
forget,7
relationship,7
pragmatic,7
peers,7
evaluate,7
hand,7
reasonable,7
focusing,7
average,7
qa,7
australia,7
third,7
oder,7
genoemde,7
daarom,7
accomplish,7
consider,7
evolve,7
initial,7
speak,7
initiative,7
solliciteren,7
monthly,7
parallel,7
nya,7
cigna,7
excellence,7
arbetar,7
compugroup,7
tool,7
analyse,7
specifically,7
board,7
laura,7
retirement,7
emails,7
staffing,7
purpose,7
ein,7
såsom,7
faster,7
ods,7
maakt,7
vergoeding,7
difference,7
hecht,7
artist,7
moving,7
scheme,7
actually,7
salaris,7
sensible,6
released,6
werkt,6
sector,6
partnering,6
high-quality,6
completely,6
owners,6
bijzonderheden,6
schools,6
genuinely,6
wacht,6
reageren,6
domain,6
word-,6
phone,6
experts,6
signing,6
larger,6
might,6
cto,6
consistent,6
engagement,6
giving,6
werknemers,6
volgt,6
geldende,6
tax,6
secundaire,6
innen,6
provider,6
maar,6
assets,6
uns,6
cross,6
contracting,6
trained,6
algorithms,6
squad,6
helpful,6
verantwoordelijk,6
vasco,6
laws,6
school,6
17,6
eye,6
jobba,6
afspraken,6
simple,6
head,6
arxan,6
keuzemogelijkheden,6
bringing,6
rekening,6
publishers,6
meant,6
redux,6
measures,6
networks,6
frequent,6
verder,6
duidelijk,6
topics,6
waarna,6
determine,6
received,6
verwachten,6
projecten,6
jcac,6
grade,6
år,6
kunder,6
away,6
betrekking,6
arbeta,6
catered,6
groups,6
ministry,6
beschikking,6
blijven,6
conform,6
disclosed,6
dienstverband,6
ontvangen,6
upcoming,6
device,6
advancement,6
mint,6
36,6
kunskaper,6
vermeld,6
ask,6
self-motivated,6
hela,6
expectations,6
kandidaten,6
excepted,6
destination,6
higher,6
civilian,6
wie,6
shore,6
gather,6
referenties,6
behoren,6
8200,6
25,6
individuele,6
headquartered,6
methods,6
supervision,6
documenting,6
oversee,6
gedrag,6
however,6
strongly,6
worth,6
vacancies,6
erp,6
portfolio,6
profiles,6
intellectual,6
tal,6
architectures,6
logical,6
relating,6
offense,6
maximaal,6
stuur,6
flow,6
non-technical,6
artwork,6
reviewed,6
omtrent,6
2108,6
09,6
verklaring,6
pursuit,6
respond,6
hearing,6
crucial,6
alleen,6
true,6
10-14,6
genomen,6
roosevelt,6
sociale,6
summary,6
mapping,6
arbete,6
motivatiebrief,6
overige,6
ai,6
mest,6
executing,6
associated,6
scoping,6
lifecycle,6
efforts,6
oral,6
exploitatie,6
integrations,6
hosten,6
ditt,6
gebied,6
charging,6
pieces,6
dina,6
staying,6
explain,6
buy,6
consumer,6
biedt,6
kopie,6
applicaties,6
rewarding,6
peer,6
bay,6
medewerkers,6
element,6
client-facing,6
body,6
creativity,6
sluitingsdatum,6
sources,6
kotlin,6
stuck,6
grasp,6
krijg,6
rekenen,6
hiervoor,6
expanding,6
från,6
entry,6
disciplined,6
aanstelling,6
thoughtful,6
possibilities,6
logic,6
adhere,6
zo,6
kiwis,6
roll,6
studiefaciliteiten,6
recently,6
malcolm,6
här,6
games,6
teaching,6
opvragen,6
inspiring,6
laatste,6
graphic,6
zusammenarbeit,6
large-scale,6
finding,6
topic,6
fra,6
conditions,6
elastic,6
får,6
zu,6
well-versed,6
stunning,6
oo,6
loopbaanontwikkeling,6
computing,6
covering,6
beschouwing,6
meest,6
bei,6
ta,6
unlimited,6
20-24,6
producten,6
sales,6
facilitate,6
angularjs,6
competencies,6
reageert,6
vakantiegeld,6
problem-solving,6
summer,6
genius,6
pipeline,6
estate,5
invited,5
like-minded,5
ontwikkeling,5
proactively,5
possesses,5
real-world,5
overseas,5
match,5
hourly,5
agents,5
sophisticated,5
useful,5
teamwork,5
tens,5
invest,5
educational,5
3rd,5
ontarians,5
humble,5
mycket,5
golang,5
semester,5
stages,5
calls,5
broader,5
gym,5
busy,5
well-rounded,5
confident,5
handling,5
enhancing,5
lighthouse,5
engagerade,5
siri,5
college,5
serving,5
prepared,5
resultaatgerichtheid,5
newly,5
veel,5
mentality,5
postgresql,5
car,5
courses,5
produkter,5
solver,5
greater,5
über,5
interactions,5
gute,5
ved,5
fix,5
spread,5
januarivacaturenummer,5
numerous,5
goda,5
advisor,5
implemented,5
definition,5
symfony,5
dette,5
professionalism,5
badger,5
end-to-end,5
communicatieve,5
gärna,5
pro,5
neemt,5
completing,5
volunteer,5
fixed,5
reguliere,5
objectives,5
så,5
participating,5
varied,5
typically,5
grown,5
command,5
innomaster,5
work-life,5
consideration,5
little,5
bleeding,5
bonuses,5
folks,5
stable,5
dag,5
--,5
translating,5
direkt,5
explore,5
assess,5
monitor,5
flexibel,5
apart,5
iot,5
save,5
möjligheter,5
experiment,5
spoken,5
scalability,5
commute,5
integral,5
teammates,5
screening,5
resulting,5
consultant,5
prepare,5
contributor,5
competency,5
proprietary,5
steps,5
accurately,5
desktop,5
interactive,5
conception,5
rwa,5
automating,5
strength,5
raygun,5
kring,5
occasionally,5
employ,5
combined,5
dates,5
eligible,5
try,5
managed,5
brings,5
suitable,5
awareness,5
embracing,5
salarisniveau,5
ad,5
depending,5
nu,5
progressive,5
material,5
nederlandse,5
investigation,5
zoek,5
affordable,5
output,5
semantic,5
sleeves,5
knows,5
begin,5
mensen,5
holidays,5
state,5
20,5
scaling,5
mål,5
wanting,5
meetings,5
shift,5
administrator,5
horizontale,5
cost,5
reputable,5
supplier,5
incident,5
vill,5
later,5
equity,5
inside,5
2-week,5
universal,5
consuming,5
voorselectietest,5
sollicitatieproces,5
going,5
maandsalaris,5
desired,5
parts,5
departments,5
del,5
feels,5
boost,5
drug,5
valuable,5
tester,5
highest,5
gone,5
fees,5
beheerst,5
handshake,5
successfully,5
customer-centric,5
multi,5
migration,5
task,5
scripts,5
oracle,5
schaal,5
stillingen,5
pressure,5
liefst,5
links,5
bieden,5
popular,5
ocaml,5
buiten,5
toward,5
genuine,5
director,5
stakeholder,5
communities,5
discounts,5
intelligent,5
adobe,5
art,5
iterative,5
artificial,5
bragging,5
updates,5
advert,5
carry,5
families,5
trusting,5
aim,5
ceo,5
579,5
face,5
reports,5
samt,5
ehealth-unternehmen,5
markets,5
wants,5
thereby,5
vendors,5
cool,5
impressive,5
upp,5
draw,5
lookout,5
proactive,5
commission,5
warehouse,5
cvs,5
reason,5
weekly,5
beginning,5
type,5
contribution,5
discussions,5
interne,5
resumes,5
bekend,5
offerings,5
strengths,5
downtown,5
conducts,5
preference,5
train,5
dir,5
accessibility,5
patients,5
mdm,5
32,5
entity,5
determining,5
moderne,5
ansvar,5
connected,5
informal,5
informasjon,5
produced,5
presence,5
types,5
excitement,5
prototypes,5
sees,5
somebody,5
soft,5
phases,5
avalara,5
conducting,5
min,5
architecting,5
remuneration,5
zeer,5
eigen,5
name,5
holiday,5
configuration,5
aligning,5
beschik,5
moovel,5
zum,5
søker,5
1-2,5
stanford,5
elements,5
correct,5
second,5
contractor,4
dictated,4
happiness,4
taal,4
adaptability,4
demand,4
db2,4
effectiveness,4
appealing,4
centrum,4
series,4
ny,4
extended,4
379,4
owning,4
comparable,4
ländern,4
quarterly,4
relevance,4
bieten,4
salarisomschrijving,4
country,4
stars,4
on-call,4
hot,4
tremendous,4
continuing,4
failure,4
bright,4
net,4
globally,4
11,4
adapt,4
sie,4
credited,4
superb,4
music,4
playing,4
ego,4
unterstützung,4
researching,4
case,4
bovendien,4
choices,4
diploma,4
entrepreneurial,4
tooling,4
tar,4
7929,4
demonstrating,4
quoting,4
enhancements,4
promote,4
cd,4
exempelvis,4
encouraging,4
cms,4
employing,4
flick,4
option,4
frequently,4
david,4
mondeling,4
identifying,4
expansion,4
quite,4
bedriften,4
yoobee,4
sker,4
thriving,4
12-month,4
öppen,4
3-5,4
landscape,4
moment,4
paul,4
clinical,4
flere,4
ervaren,4
sectors,4
premier,4
believes,4
putting,4
css3,4
läs,4
werkervaring,4
aid,4
initially,4
schedules,4
chat,4
incredibly,4
options,4
ventures,4
vindt,4
navigate,4
publisher,4
deployed,4
streamline,4
technieken,4
sensitive,4
engelse,4
2017,4
organic,4
collegial,4
temp,4
regression,4
snabbt,4
findings,4
voted,4
jira,4
bug,4
løsninger,4
transaction,4
offshore,4
army,4
adoption,4
disciplines,4
optimise,4
implications,4
paas,4
shared,4
oplossingen,4
transparency,4
werktijden,4
next-generation,4
citizenship,4
robots,4
trying,4
newest,4
book,4
children,4
aware,4
superior,4
presentation,4
organizations,4
knockout,4
weltweit,4
award-winning,4
tutor,4
writes,4
dare,4
personality,4
leverage,4
altijd,4
coordinate,4
partnerships,4
tailor,4
personally,4
books,4
vulnerabilities,4
scientific,4
equipment,4
service-oriented,4
difficult,4
manages,4
exceeding,4
defining,4
beheerder,4
measuring,4
billions,4
multidisciplinary,4
ortec,4
incredible,4
kiwi-owned,4
involvement,4
empowering,4
generiek,4
enligt,4
seo,4
sina,4
gaining,4
shares,4
revenue,4
widely,4
payment,4
smooth,4
gained,4
resolving,4
bs,4
rocket,4
stand-by,4
respect,4
confidently,4
laptop,4
timely,4
etwa,4
gathering,4
racing,4
rekryteringsprocessen,4
sourcing,4
specialists,4
html5,4
actionable,4
abilities,4
load,4
dienstverlening,4
relevante,4
palmgren,4
measurable,4
certification,4
tozny,4
kids,4
stimulation,4
vast,4
freely,4
ninjas,4
django,4
persönlichen,4
institute,4
generally,4
integrity,4
confidence,4
daniel,4
klantgerichtheid,4
portal,4
kind,4
tight-knit,4
promoting,4
exit,4
verify,4
ins,4
ar,4
grpc,4
camaraderie,4
bear,4
hamburg,4
refine,4
inspire,4
threats,4
wireframing,4
gmbh,4
innovations,4
templates,4
nomos,4
ict,4
eget,4
affinity,4
gradle,4
loves,4
satisfaction,4
hybrid,4
likeminded,4
pre-sales,4
crafting,4
efter,4
tons,4
objective-c,4
webservices,4
tim,4
gör,4
programmers,4
accelerate,4
gaming,4
waar,4
zelfstandig,4
inn,4
welcoming,4
holistic,4
zur,4
countries,4
informatica,4
risks,4
beheer,4
internt,4
pursuing,4
stays,4
tackling,4
scaled,4
cases,4
utveckling,4
zelfontwikkeling,4
artisan,4
värdeorden,4
nidhi,4
instead,4
accountable,4
manual,4
websphere,4
requisition,4
simplify,4
living,4
prevent,4
accommodations,4
goede,4
applies,4
80-hour,4
pioneering,4
event,4
ønsker,4
asurity,4
vary,4
smile,4
allows,4
shine,4
operated,4
bli,4
dutchband,4
planned,4
boast,4
paktor,4
conduct,4
renowned,4
competition,4
sdk,4
19,4
enthusiasm,4
figuring,4
profit,4
campuses,4
update,4
gives,4
grown-up,4
beschikbaar,4
selling,4
appointment,4
disabilities,4
idea,4
fridge,4
delight,4
verstoringen,4
möjlighet,4
utvecklare,4
governance,4
facets,4
expense,4
billing,4
wordpress,4
straightforward,4
advantageous,4
auch,4
instrumental,4
capital,4
engaged,4
activity,4
streaming,4
investing,4
bra,4
proof,4
innogy,4
coordinating,4
performant,4
fundamental,4
well-known,4
anywhere,4
eigenen,4
våre,4
salesforce,4
consultancy,4
domein,4
dyktige,4
rund,4
swift,4
transform,4
york,4
identities,4
553,4
investors,4
multinational,4
accessible,4
organised,4
analytische,4
dich,4
experimentation,4
os,4
operation,4
underpinning,4
user-friendly,4
belangrijk,4
utilise,4
factory,4
mobile-based,4
sent,4
staan,4
moet,4
spirit,4
4469,4
prefer,4
largely,4
ping-pong,4
pole,4
amsterdam,4
eines,4
hr,4
licence,4
buying,4
portals,4
defects,4
god,4
sdlc,4
rabbitmq,4
consul,4
economy,4
best-practices,4
peak,4
demonstrates,4
voorkomen,4
backing,4
även,4
coach,4
gevraagd,4
uitstekende,4
breath,4
etter,4
arisen,4
hosted,4
multi-service,4
participation,4
audiences,4
table,4
pave,4
achieving,4
lunches,4
wintec,4
waarin,4
still,4
competing,4
uppsatta,4
krijgt,4
stockholm,4
front-,3
velocity,3
derived,3
aims,3
nats,3
metrics,3
burgers,3
centrally,3
gesundheitsakten,3
5g-ready,3
empathetic,3
tackle,3
fundamentally,3
stores,3
appreciation,3
shyp,3
context,3
doctoral,3
political,3
vervolgens,3
ecosystem,3
on-the,3
earnings,3
ihre,3
firms,3
geospatial,3
mitigate,3
kund,3
beteiligten,3
contributes,3
januari,3
gezonde,3
avoid,3
genom,3
campaigns,3
tror,3
c3,3
competent,3
ride,3
dealing,3
arbeiten,3
altersvorsorge,3
electronic,3
domestic,3
achieved,3
mindset,3
beim,3
ministry-specific,3
aside,3
paragraph,3
umgebung,3
confirmation,3
snack,3
osx,3
creates,3
storage,3
microservice,3
toepassing,3
spam,3
skillset,3
anything,3
pace,3
basically,3
empathy,3
default,3
snapchat,3
wilt,3
chair,3
payroll,3
distribution,3
hope,3
steadfast,3
agreed,3
organisatieonderdeel,3
boards,3
terms,3
meets,3
gezien,3
digitala,3
hesitate,3
sicheren,3
maybe,3
epic,3
sitting,3
affiniteit,3
typescript,3
transactions,3
patient,3
perl,3
rigorous,3
depends,3
theodora,3
-create,3
belang,3
workforce,3
hungry,3
demonstrable,3
consultation,3
circumstances,3
labs,3
lambda,3
selection,3
overview,3
laboren,3
informatie,3
impassioned,3
ara,3
jou,3
lanschot,3
lönsamhet,3
finns,3
on-going,3
constructively,3
paste,3
solidity,3
operator,3
actief,3
ethereum,3
arbetet,3
bidra,3
utilize,3
thing,3
hour,3
kempen,3
virtual,3
toolset,3
celebrate,3
raise,3
intricate,3
snappcar,3
endless,3
brain,3
selskap,3
spotify,3
selected,3
purchase,3
aufgaben,3
policy,3
half,3
priced,3
uur,3
sök,3
representative,3
vacancy,3
mr,3
memory,3
units,3
select,3
coverage,3
snel,3
focuses,3
servers,3
rehired,3
wherever,3
accepting,3
företaget,3
flows,3
limits,3
enschede,3
höga,3
automates,3
another,3
self-study,3
thoughts,3
sichereren,3
favourite,3
enhanced,3
seeks,3
gateway,3
remove,3
suppliers,3
sending,3
supply,3
invitation,3
translate,3
signifies,3
cars,3
klar,3
appreciate,3
qt,3
treatment,3
statically,3
tower,3
procedural,3
redefining,3
jobbe,3
backgrounds,3
whose,3
surgery,3
1129,3
promotion,3
internet-era,3
ga,3
knit,3
expertly,3
vouchers,3
treat,3
organisatorischen,3
embark,3
administrative,3
traditional,3
residents,3
stehen,3
trivs,3
onderdeel,3
blinddata,3
gui,3
verifying,3
collection,3
dein,3
codes,3
skal,3
englischkenntnisse,3
photoshop,3
merry,3
interacts,3
implements,3
juggle,3
brussels,3
hive,3
envy,3
går,3
teil,3
parking,3
scales,3
pair,3
id,3
practitioners,3
dating,3
edit,3
acumen,3
continues,3
relocation,3
tenacious,3
bolster,3
eligibility,3
structures,3
modeling,3
verschillende,3
effizienteren,3
specflow,3
viewer,3
selskapet,3
conclusions,3
dienen,3
ärztlichen,3
workloads,3
extension,3
purposeful,3
rising,3
lies,3
anomalies,3
prometheus,3
soe,3
prescription,3
models,3
disclose,3
discuss,3
urgent,3
aller,3
iv-accent,3
progress,3
therefore,3
suites,3
non-profit,3
informationsdienstleistungen,3
bottom,3
compliant,3
conferencing,3
poised,3
annonsen,3
containers,3
positively,3
picture,3
medarbetare,3
grafana,3
functie,3
indesign,3
compute,3
være,3
1601,3
queries,3
counterintelligence,3
enabling,3
preclude,3
specification,3
industries,3
adversaries,3
automatisering,3
experiencing,3
team-based,3
hub,3
wellington-based,3
redesign,3
augmented,3
kontor,3
life-cycle,3
carefully,3
saw,3
eagleman,3
method,3
containing,3
belief,3
kpi,3
wensen,3
shortened,3
utifrån,3
pre-determined,3
pleasant,3
leveraging,3
utveckla,3
kanban,3
classes,3
ryman,3
json,3
filters,3
repository,3
host,3
bedrijven,3
stream,3
behöver,3
appetite,3
targets,3
malware,3
rollen,3
inaccurate,3
fx,3
programmer,3
regard,3
views,3
fraudsters,3
assisted,3
sf,3
compilers,3
radically,3
skillful,3
revolution,3
necessarily,3
rights,3
forensics,3
gap,3
water,3
bradley,3
encryption,3
delen,3
charity,3
situated,3
measurement,3
facilitating,3
productieproces,3
proposals,3
remain,3
port,3
ag,3
receiving,3
uitstekend,3
suchen,3
firm,3
relaxed,3
hugely,3
freelance,3
assistance,3
discipline,3
bamboo,3
hibernate,3
possibility,3
cooperative,3
accepted,3
undergo,3
skip,3
array,3
high-level,3
clojure,3
late,3
substantial,3
tactical,3
pretty,3
technological,3
rates,3
universities,3
vital,3
softwareprodukte,3
claiming,3
teamlead,3
vergütung,3
informed,3
sunstone,3
estimate,3
hq,3
devise,3
audience,3
shell,3
teachers,3
simultaneously,3
negotiating,3
arbetat,3
ger,3
kunden,3
understands,3
curious,3
hier,3
fullstack,3
vertical,3
mail,3
squads,3
expeditors,3
metal,3
31st,3
adopter,3
e-signature,3
cultivating,3
ip,3
masters,3
involve,3
troubleshoot,3
også,3
customised,3
grew,3
drupal,3
komplett,3
klik,3
pod,3
accountability,3
mentioned,3
official,3
919,3
andra,3
self-directed,3
365,3
494,3
boundaries,3
ethic,3
tyler,3
guiding,3
rich,3
robotic-arm,3
explosion,3
mignon,3
night,3
ros,3
holden,3
pivotal,3
structured,3
exclusively,3
prides,3
målet,3
motive,3
round,3
593,3
german,3
consumption,3
reinvent,3
almost,3
casual,3
roadblocks,3
unreal,3
sin,3
childcare,3
anforderungen,3
consists,3
brenner,3
surrounded,3
groundbreaking,3
cohesive,3
50,3
two-factor,3
toolsets,3
destinations,3
contingent,3
aspirations,3
veterans,3
traffic,3
steer,3
disseminates,3
miner,3
detect,3
shoppers,3
multi-threaded,3
reactive,3
industrial,3
stock,3
weet,3
fosters,3
workload,3
minst,3
iteration,3
gina,3
signals,3
certifications,3
optimize,3
invisalign,3
started,3
since,3
advance,3
29,3
protocol,3
visible,3
unsupervised,3
purposes,3
inspired,3
kans,3
knowing,3
eager,3
redesigning,3
handel,3
programvare,3
whilst,3
optimally,3
vr,3
agencies,3
hoe,3
aspect,3
stryker,3
transit,3
richting,3
democratize,3
classified,3
non-functional,3
abides,3
unser,3
prevents,3
minimal,3
samarbete,3
node,3
nye,3
deployments,3
arrangements,3
utviklingsavdelingen,3
efficiency,3
verhaal,3
ideeën,3
times,3
iconic,3
växer,3
acts,3
random,3
described,3
workshops,3
discount,3
powerful,3
durch,3
men,3
presents,3
tell,3
2001,3
beginnings,3
speakers,3
billion,3
feed,3
initiatief,3
provision,3
studies,3
smartphone,3
tätigkeiten,3
ops,3
embraces,3
everywhere,3
soa,3
adopting,3
modest,3
protocols,3
mathematics,3
according,3
paramount,3
aligned,3
gesundheitswesen,3
reality,3
parties,3
hjf,3
duty,3
expectation,3
profound,3
piece,3
packet,3
whatever,3
negotiation,3
bijdrage,3
webbasierten,3
maximum,3
effektive,3
instruction,3
blir,3
zukunft,3
prestanda,3
dive,3
disclosure,3
reduce,3
sick,3
accounts,3
sometimes,3
architects,3
client-side,3
supported,3
vertalen,3
stort,3
koblenz,3
företag,3
star,3
develops,3
situations,3
whether,3
long-standing,3
payments,3
forward-thinking,3
baustein,3
researcher,3
systemen,3
elasticsearch,3
inspires,3
führenden,3
projekt,3
al,3
stolen,3
telecommunications,3
configured,3
ahead,3
leverer,3
consumers,3
mongodb,3
periods,3
bike,3
serious,3
betriebliche,3
submissions,3
olivier,3
credit,3
concept,3
onboarding,3
combines,3
582,3
backbone,3
learned,3
pulling,2
well-being,2
market-leading,2
successes,2
20-minute,2
samenwerking,2
nature,2
intricacies,2
ticking,2
rådgivning,2
white,2
commit,2
diligent,2
represented,2
co-ordinate,2
recognise,2
registrering,2
fitting,2
apothekern,2
backup,2
artifacts,2
user-focused,2
reap,2
compelling,2
overhaul,2
60,2
frisse,2
talents,2
effektiv,2
insight,2
werk,2
advise,2
confluence,2
övrig,2
people-centred,2
ontwikkelaar,2
pre,2
daarnaast,2
löper,2
best-in-class,2
honom,2
fixes,2
excel,2
aktuellen,2
lære,2
friends,2
angemessene,2
utmaningar,2
communicating,2
arbeidsoppgaver,2
nervous,2
comments,2
floor,2
organiseren,2
concentration,2
cope,2
fixing,2
då,2
feeds,2
masterstudium,2
disaster,2
jahresumsatz,2
advising,2
runs,2
kundenbasis,2
avancerade,2
innovatieve,2
sind,2
litium,2
competitiveness,2
criticality,2
solliciteer,2
company-wide,2
kicking,2
netware,2
drömmer,2
fairly,2
chapter,2
leder,2
extraordinary,2
lokaler,2
deals,2
regarded,2
studiums,2
själv,2
winter,2
analys,2
svært,2
affected,2
onderstaande,2
medium,2
heavy,2
-manage,2
arm,2
mature,2
allemaal,2
searching,2
fokus,2
hochqualifizierte,2
objective,2
svenska,2
proposed,2
gaan,2
level39,2
något,2
ambitiöst,2
savings,2
planera,2
processpecialist,2
ausbildung,2
telling,2
bespoke,2
interdisciplinary,2
punt,2
lämnas,2
romerike,2
enabler,2
efficiencies,2
länken,2
rewrite,2
modify,2
parameters,2
citizens,2
perspective,2
stayed,2
ha,2
möter,2
produktmanagements,2
drivs,2
agricultural,2
linker,2
leistungen,2
tomorrow,2
snart,2
ethics,2
inter-personal,2
lijnen,2
upskilling,2
utviklere,2
exhibit,2
arbetssätt,2
work-life-balance,2
strategically,2
reading,2
production-quality,2
godkänner,2
work-related,2
human-computer,2
rectify,2
kunne,2
einzigartige,2
mot,2
app-based,2
pyramid,2
umfeld,2
belangrijke,2
interpret,2
on-time,2
200,2
studier,2
packed,2
22,2
arkit,2
behalf,2
indicative,2
internally,2
spelen,2
editing,2
arbeitsplatznahes,2
jahre,2
authoring,2
2-5,2
voluntary,2
evening,2
få,2
cloud-like,2
busting,2
mostly,2
högteknologiska,2
vpm,2
doubled,2
serverless,2
result-driven,2
md,2
datavetenskap,2
utvecklingsfasen,2
left,2
connections,2
affinität,2
genomsyrar,2
entrepreneurs,2
beste,2
worlds,2
feet,2
heap,2
95,2
finalizing,2
discernment,2
kept,2
ikke,2
ethical,2
nothing,2
torch,2
replacement,2
evenementen,2
ultimately,2
språken,2
hired,2
månader,2
8-10,2
alles,2
greenfield,2
county,2
dollar,2
skillsets,2
nå,2
corners,2
problemlösningsförmåga,2
kreativa,2
reward,2
consumptiemunten,2
accomplished,2
advertised,2
tightly-knit,2
minutes,2
samma,2
samtycker,2
assumptions,2
zonos,2
acting,2
effect,2
compiled,2
authoritative,2
arts,2
paye,2
kundföretag,2
verifiable,2
gjennom,2
fitnesscenter,2
funktionalen,2
jobb,2
operators,2
contributory,2
mainly,2
gesprek,2
kunskapsväxling,2
canterbury,2
issue,2
foosball,2
maternity,2
mindestens,2
instances,2
dev-ops,2
natur,2
stability,2
sikt,2
ezyvet,2
upper-level,2
protection,2
algorithm,2
rhein,2
safe,2
wijze,2
zit,2
moltin,2
partly,2
6-month,2
brimming,2
achievements,2
experiments,2
vekst,2
weaknesses,2
holder,2
maak,2
non-trivial,2
determines,2
amongst,2
nonprofits,2
erfaring,2
solutionize,2
entwicklungsprozess,2
geoserver,2
calculate,2
high-tech,2
ranked,2
um,2
håller,2
analist,2
vcs,2
organize,2
hbo-diploma,2
dreamed,2
heads,2
image,2
turning,2
richt,2
vector,2
ruimte,2
safety,2
kunskapskapital,2
bereich,2
backends,2
utvikle,2
geven,2
världsklass,2
alerts,2
önskemål,2
wachsenden,2
kundlojalitet,2
anställas,2
top-notch,2
arcade,2
pim,2
cities,2
nationally,2
weg,2
test-driven,2
hyperlinks,2
lua,2
modules,2
hele,2
guten,2
specifics,2
ömsesidig,2
lebensunterhaltskosten,2
naturally,2
strengthen,2
co-design,2
opleiding,2
cwp,2
calibre,2
profiling,2
goes,2
anwendungs-frameworks,2
guys,2
fund,2
certificate,2
pre-tax,2
debug,2
assistant,2
shopper,2
abroad,2
solida,2
forward-,2
looks,2
betaal-,2
comprised,2
shoulders,2
maintained,2
1384,2
failures,2
poc,2
standorten,2
exchange,2
dubbla,2
retrofit,2
bästa,2
erfarenhet,2
realisatie,2
bidrar,2
powered,2
brew,2
no-sql,2
faced,2
chin,2
hart,2
integrationer,2
adjusting,2
size,2
break-out,2
opening,2
nurturing,2
vrijheid,2
child,2
follow,2
korte,2
sedan,2
retrospectives,2
mule,2
5-7,2
delicious,2
nzrb,2
16,2
kundens,2
crm,2
queuing,2
plezierig,2
nytänkande,2
targeted,2
roc,2
internationalen,2
functioning,2
2011,2
lieu,2
2020,2
marktführer,2
preferable,2
middleware,2
rollouts,2
brown,2
sverige,2
rendering,2
testen,2
internationale,2
gcp,2
clarity,2
versnellen,2
relentlessly,2
tablet,2
averages,2
octopus,2
enspiral,2
happening,2
slightly,2
präglas,2
starts,2
vorteil,2
webbutvecklare,2
hence,2
sleeve,2
high-pressure,2
loop,2
ute,2
recruiter,2
workflows,2
zeitpunkt,2
collected,2
untapped,2
idé,2
amounts,2
browser-based,2
periodic,2
reaching,2
meerwaarde,2
yael,2
consume,2
baseline,2
tuition,2
båda,2
box,2
-two,2
institutional,2
tutors,2
fiserv,2
layout,2
cooperation,2
zal,2
noggrannhet,2
kafka,2
on-premise,2
articulate,2
fördelade,2
reusable,2
corrective,2
escalation,2
truth,2
wine,2
spine,2
hone,2
urban,2
friend,2
utvecklar,2
vanligtvis,2
expanded,2
root,2
søk,2
accustomed,2
phd,2
mass,2
extend,2
multi-functional,2
challenger,2
contributors,2
midsize,2
volop,2
multi-year,2
vervul,2
stick,2
containerized,2
implementierung,2
cirka,2
hög,2
dynamische,2
unhealthy,2
två,2
uppdrag,2
personer,2
simply,2
enormous,2
hierarchy,2
scientist,2
ulike,2
eclipse,2
geography,2
coit,2
transformations,2
roller,2
nächstmöglichen,2
sports,2
innehar,2
suited,2
abstract,2
vue,2
kringliggande,2
stellen,2
6-9,2
teamcity,2
functieomschrijving,2
arbetsuppgifter,2
epi,2
engelska,2
teamen,2
invites,2
coworkers,2
incidenten,2
tricot,2
skickar,2
independence,2
coaches,2
ample,2
093779244,2
performers,2
sehr,2
används,2
assembly,2
wo,2
möchtest,2
evaluating,2
organisationens,2
carrying,2
dann,2
modernisation,2
kannst,2
åt,2
length,2
maximise,2
verklig,2
denken,2
library,2
electro,2
theories,2
polyglot,2
hunger,2
e-handel,2
hack,2
consistency,2
viable,2
motivation,2
rekryteringsverksamhet,2
attack,2
high-impact,2
perspectives,2
xd,2
fair,2
facilitation,2
thought,2
removes,2
trustee,2
sections,2
beter,2
prominent,2
engagerad,2
ständig,2
utilized,2
predict,2
inc,2
kunskap,2
praktische,2
asset,2
evolution,2
files,2
helpt,2
officer,2
alike,2
autonomy,2
applicatie,2
angular2,2
analyzing,2
separated,2
spas,2
hays,2
consist,2
passar,2
partnered,2
transactional,2
strategize,2
nxturn,2
stacks,2
responding,2
emergence,2
utvikler,2
rds,2
sonstigen,2
yet,2
teamübergreifende,2
specialisera,2
kultur,2
leveren,2
behavioral,2
innebär,2
werkzaamheden,2
betyder,2
professors,2
introduce,2
hierarchies,2
best-practice,2
samarbetar,2
dash,2
diverser,2
iterate,2
dull,2
appreciated,2
communicatief,2
skydd,2
unesco,2
combo,2
communicated,2
properties,2
postgres,2
ensures,2
agnostic,2
manufacturing,2
regulatory,2
1522,2
schulungen,2
advertiser,2
clock,2
guts,2
determined,2
enormt,2
gets,2
deadline,2
generating,2
opptatt,2
hitta,2
equities,2
plattformar,2
muligheter,2
catalogue,2
considering,2
größten,2
customize,2
unified,2
nicht,2
describing,2
serves,2
utviklingen,2
competenties,2
firmly,2
agilen,2
cycling,2
premium,2
codebase,2
stabilitet,2
highly-motivated,2
team-oriented,2
reizvolle,2
adversely,2
buttery,2
oslo,2
turns,2
greenspaces,2
collaborator,2
stressbestendig,2
life-long,2
particular,2
controls,2
gode,2
vets,2
ermöglichen,2
centred,2
complicated,2
cracking,2
kunde,2
lifecycles,2
satisfying,2
scratch,2
potentially,2
conflicts,2
know-how,2
radical,2
zie,2
ingenting,2
membership,2
depth,2
estimated,2
iedere,2
pass,2
echte,2
thorough,2
slides,2
centre,2
bounce,2
30,2
stands,2
revitalised,2
etl,2
arriving,2
hardworking,2
prototyping,2
över,2
streams,2
derfor,2
generations,2
draaien,2
quo,2
fantastisk,2
thinks,2
secondary,2
hanteras,2
increasing,2
trimble,2
sky,2
diensten,2
heroic,2
commensurate,2
samtal,2
agresearch,2
campus,2
usa,2
passionately,2
constructieve,2
maintainability,2
implementations,2
deiner,2
seasoned,2
philadelphia,2
in-progress,2
zumba,2
courtenay,2
familiarize,2
co,2
arizona,2
emis,2
behaviors,2
bdd,2
attributes,2
validation,2
erwirtschaftet,2
decent,2
utvikling,2
describe,2
endeavors,2
någon,2
electricity,2
allowance,2
asia,2
estimates,2
income,2
öka,2
ansökan,2
high-performing,2
well-established,2
automatically,2
facilities,2
mogelijkheid,2
personliga,2
arrangement,2
studerar,2
smartare,2
kompetens,2
embraced,2
zuhause,2
arrange,2
tilby,2
festanstellung,2
livechat,2
opinions,2
assignments,2
analysing,2
animations,2
adaptive,2
servant,2
regional,2
influential,2
hohe,2
loan,2
rubbing,2
combinator,2
post,2
resident,2
fringe,2
baseball,2
on-site,2
carried,2
open-source,2
ontwikkeld,2
dynamiska,2
certified,2
coder,2
mile,2
eat,2
datacenter,2
kei,2
lamp,2
dem,2
optimaal,2
seems,2
translates,2
joined,2
age,2
levert,2
tijdens,2
puppet,2
service-based,2
institution,2
sas,2
netwerken,2
werden,2
messaging,2
compiler,2
time-management,2
bentmet,2
anyone,2
unserem,2
chef,2
mosel,2
contemporary,2
confidentiality,2
pertaining,2
connection,2
smaller,2
fluid,2
coderen,2
retaining,2
merchant,2
ansvarstagande,2
grote,2
refining,2
balancing,2
consultative,2
thoroughly,2
890,2
held,2
streamlining,2
heltid,2
mooi,2
unprecedented,2
bootcamp,2
zet,2
system-supported,2
crafted,2
validate,2
proof-of-concept,2
principal,2
shipped,2
tracking,2
solar,2
obstacle,2
jaren,2
combine,2
non-japanese,2
well-structured,2
mih,2
durf,2
vilka,2
veterinary,2
cross-browser,2
obstacles,2
user-facing,2
stadig,2
invigorates,2
arbetslivserfarenhet,2
qualitätssicherung,2
recommending,2
relevanta,2
precedents,2
softwareentwicklung,2
milestones,2
tasty,2
haalbare,2
rp,2
vormt,2
inception,2
robert,2
protecting,2
stumble,2
season,2
identification,2
pröva,2
flag,2
beverages,2
happiest,2
branch,2
queens,2
surface,2
niedrige,2
appropriately,2
goal-oriented,2
considerations,2
realigning,2
learner,2
poster,2
remediate,2
eagerness,2
aus,2
intent,2
es6,2
anställd,2
fulltime,2
converting,2
configure,2
suggesting,2
express,2
eu,2
consumer-grade,2
customer-facing,2
raw,2
combining,2
personuppgifter,2
insert,2
whereas,2
xml,2
systeem,2
mechanisms,2
kompetanse,2
gebruik,2
sexy,2
laten,2
beweging,2
configuratiemanagement,2
canary,2
short-term,2
beating,2
nordens,2
dialoger,2
fachabteilung,2
photos,2
yearly,2
octagon,2
literal,2
neurocognitive,2
ida,2
expenses,2
cause,2
risk,2
conceive,2
matched,2
occasional,2
asap,2
flesta,2
eda,2
weiterentwicklung,2
direktrekrytering,2
transamerica,2
arbeide,2
vp,2
slimme,2
increasingly,2
interfacing,2
loader,2
prove,2
vibe,2
systemintegration,2
plannen,2
theory,2
logistics,2
recruiters,2
constraints,2
methodical,2
mindre,2
text,2
fetches,2
f2f,2
participates,2
crazy,2
submitted,2
erfarna,2
folk,2
behandlar,2
ausgewogene,2
tiden,2
silicon,2
discussing,2
fibre,2
screen,2
operates,2
nemen,2
grid,2
proficiencies,2
branche,2
noe,2
toekomst,2
organisatie,2
-develop,2
wfh,2
hun,2
performs,2
nyfiket,2
gold,2
alla,2
lösungen,2
mvps,2
helhetslösningar,2
utilised,2
aantoonbare,2
rent,2
kyoto,2
svn,2
coupled,2
gedreven,2
halen,2
klanten,2
legacy,2
inklusive,2
polarn,2
advertiser-bid,2
everyday,2
wild,2
buy-in,2
resultatet,2
när,2
resolution,2
webgl,2
abn,2
fast-growing,2
all-source,2
ambitioner,2
reactjs,2
nieuwste,2
okay,2
continual,2
distinctive,2
denk,2
quartered,2
framtida,2
platz,2
super-smart,2
stage,2
concerns,2
axla,2
collega,2
brightest,2
mestadels,2
evolved,2
top-quality,2
previously,2
ethernet,2
studium,2
hurdles,2
ever-changing,2
urgency,2
thought-provoking,2
pinch,2
public-facing,2
functieomschrijvingben,2
facebook,2
walk,2
scale-up,2
passen,2
skapa,2
delaktig,2
afgeronde,2
money,2
24,2
interests,2
gegevensontsluiting,2
9577,2
konsult,2
harrison,2
consultants,2
werkzaam,2
champions,2
daimler,2
earth,2
template,2
vacations,2
übernahme,2
well-defined,2
totally,2
mogelijkheden,2
bootstrap,2
warehousing,2
serial,2
traders,2
middle,2
engages,2
axure,2
minimise,2
proper,2
academy,2
filled,2
nation-wide,2
kollegor,2
appium,2
zip,2
visions,2
bringen,2
increased,2
distinguished,2
intrusion,2
makers,2
introductory,2
names,2
heard,2
standort,2
matters,2
säkerställer,2
interdisziplinäre,2
stone,2
matching,2
betekenis,2
liek,2
rewards,2
integriteten,2
cafes,2
domeinen,2
tussen,2
duration,2
intresserad,2
ihnen,2
ambition,2
seamless,2
undertake,2
zorg,2
pragmatically,2
showcase,2
beroende,2
spending,2
versatility,2
mocking,2
hochschule,2
figure,2
stubbing,2
elk,2
komponenten,2
guarantees,2
sharethrough,2
high-performance,2
röst,2
priorities,2
ingredients,2
mitarbeiter,2
tijdsdruk,2
spetskompetens,2
netzen,2
daar,2
acquisition,2
subversion,2
press,2
kjent,2
state-of-the-art,2
frontend-technologien,2
sharman,2
uncompromised,2
kolleger,2
dortmund,2
unter,2
börja,2
dollars,2
consensus,2
motivational,2
deeper,2
specialiseren,2
års,2
cucumber,2
stärka,2
usually,2
arbitrate,2
commutes,2
motivate,2
designated,2
typed,2
chantelle,2
aesthetic,2
enge,2
sneak,2
internationally,2
grundlage,2
fashion,2
wishes,2
paths,2
jobbar,2
netherlands,2
mqtt,2
decentralised,2
se,2
wireframes,2
wellsford,2
downtime,2
registering,2
auditing,2
konsultbolag,2
crowdsourced,2
wealth,2
well-respected,2
oplossing,2
zahlreiche,2
proactief,2
maven,2
assembled,2
dream,2
on-line,2
talks,2
2-4,2
none,2
omsättning,2
agojo-1709-47023,2
deres,2
accredited,2
sociable,2
democratic,2
launch,2
practitioner,2
end-user,2
högskoleexamen,2
subsidized,2
voeren,2
headquarters,2
buyer,2
azavea,2
entwicklungsmöglichkeiten,2
trainieren,2
subway,2
processen,2
zetten,2
deutsch-,2
speaking,2
robot,2
projekten,2
når,2
cgm,2
lifestyle,2
hong,2
freuen,2
gir,2
architectuur,2
promotes,2
among,2
5th,2
disclaimer,2
evaluation,2
followed,2
doen,2
angels,2
conversion,2
well-coordinated,2
focussed,2
educating,2
redis,2
weltkulturerbes,2
opbouw,2
criteria,2
tag,2
commentary,2
standup,2
clever,2
respected,2
uiteraard,2
closer,2
indien,2
temporary,2
talking,2
bewerbung,2
softwarekennis,2
dosis,2
lines,2
minded,2
clicked,2
smith,2
safely,2
meriterande,2
carparks,2
finish,2
kontakt,2
mervärde,2
pionieren,2
blends,2
question,2
backend-bereich,2
assesses,2
exceeds,2
leva,2
fluency,2
data-nerds,2
waardoor,2
adheres,2
gjøre,2
hero,2
conversations,2
weiterbildungsmaßnahmen,2
ultimate,2
unternehmenslösungen,2
switches,2
selectieprocedure,2
descriptions,2
gesteld,2
viability,2
ssrs,2
förståelse,2
communicates,2
kostenfreies,2
2016,2
responsiveness,2
evangelize,2
biotechnology,2
powers,2
suit,2
nachhaltige,2
endowed,2
motoring,2
hadoop,2
komme,2
källa,2
ledger,2
all-in-one,2
powering,2
workers,2
deliverables,2
profitable,2
idag,2
neues,2
smarter,2
driver,2
meerdere,2
domestically,2
chain,2
mariadb,2
lucky,2
peer-reviewing,2
materials,2
fabulous,2
självklarhet,2
ci-infrastrukturen,2
generate,2
starten,2
asynchronous,2
recovery,2
uber,2
sessions,2
retreats,2
environmental,2
wellness,2
go-getters,2
looked,2
sizes,2
updating,2
omgående,2
teknologiene,2
marktconform,2
usage,2
början,2
dienst,2
försäljning,2
closed,2
concentrating,2
reichweiten,2
assessing,2
resor,2
kritisch,2
samtidigt,2
sprints,2
engines,2
wish,2
lösningen,2
nationale,2
bridges,2
clauses,2
introducing,2
non-nz,2
overwegen,1
deter,1
preparing,1
forventer,1
medium-,1
essence,1
methodiek,1
barry,1
1-3,1
331,1
safer,1
govt,1
preeminent,1
guarding,1
inspirational,1
representation,1
erfahrenen,1
utvecklingsteamen,1
accompanying,1
perpetually,1
dispersed,1
undertaking,1
priding,1
richtige,1
bachelors,1
skyen,1
selv,1
intresse,1
mind,1
utilities,1
partnership,1
speeding,1
generated,1
systemer,1
tid-,1
likelihood,1
collect,1
ellerslie,1
377,1
bruggen,1
television,1
prioritizing,1
assume,1
sponsorship,1
orms,1
laravel,1
stylish,1
chief,1
co-own,1
camp,1
java-technologie,1
self-managing,1
ewms,1
techs,1
rush,1
branches,1
generic,1
spoc,1
remains,1
owasp,1
wont,1
mixture,1
pi100624228,1
selvstendige,1
unterstützen,1
vernieuwende,1
unsung,1
cognos,1
deinem,1
lese,1
front-loaded,1
behoorlijke,1
leverandør,1
on-boarding,1
explosive,1
family-owned,1
gave,1
fragment,1
mastering,1
pin-,1
anticipate,1
adjustments,1
lost,1
utilisation,1
versteld,1
delightful,1
ansökningar,1
villages,1
near-full,1
requested,1
nible,1
ytterligere,1
tables,1
raw-level,1
firsts,1
toepassen,1
befitting,1
standardization,1
graduating,1
plusworking,1
jumpstart,1
mention,1
1-4,1
trains,1
metro,1
printing,1
lønn,1
89887,1
ssas,1
förbättra,1
hver,1
unit-test,1
weigh,1
five-star,1
decipher,1
jeweilige,1
genau,1
snijvlak,1
ontwikkel,1
ansvaret,1
align,1
300,1
markedsleder,1
positie,1
áltijd,1
finance,1
salarisniveauschaal,1
undertaken,1
connects,1
cleanliness,1
instruments,1
zelfsturend,1
funded,1
sqllite,1
audits,1
groom,1
participated,1
analytically,1
spotlight,1
rådgivande,1
optimizations,1
sit,1
fortunate,1
implementatie,1
honest,1
transportation,1
prachtige,1
-kunde,1
deines,1
engels,1
bag,1
celebrity,1
sollicitatieprocedurede,1
deelt,1
pathway,1
rank,1
sammeln,1
although,1
aggregates,1
magazino,1
suitebundles,1
enterprise-wide,1
spends,1
singapore,1
groot,1
utilizes,1
templating,1
unchartered,1
redraw,1
celebrations,1
auslandserfahrung,1
bash,1
attach,1
etablert,1
aboard,1
carbonzero,1
beoordelen,1
multi-tiered,1
state-of-the,1
tiers,1
encrypted,1
lower,1
walton,1
deretter,1
invloed,1
teknologien,1
tätt,1
ontvangt,1
accordingly,1
beschikbare,1
transport,1
113353353,1
posh,1
nicole,1
graphql,1
simpler,1
legen,1
928,1
orthodontic,1
stabiel,1
gemaakt,1
små,1
approachable,1
pyret,1
870,1
1st,1
0299,1
åpne,1
2497,1
strävar,1
fähigkeiten,1
tick,1
gelijkwaardige,1
relying,1
charge,1
alexander,1
angesiedelt,1
enthousiaste,1
concussion,1
packaging,1
low-key,1
promise,1
opnemen,1
kenntnisse,1
funky,1
werkgerelateerde,1
krav,1
af,1
landing,1
inextricably,1
bestuurskunde,1
lighting,1
enabled,1
betrouwbare,1
twice,1
welcomes,1
krävs,1
liaising,1
cumulative,1
kortere,1
cqrs,1
onderhoudt,1
høyere,1
14,1
heroes,1
exactly,1
laurenzi,1
ftes,1
spain,1
co-founded,1
bestaande,1
303,1
restaurants,1
data-analyses,1
kunnskap,1
migrating,1
sannsynlig,1
retailer,1
stevens,1
ever-increasing,1
likely,1
exists,1
meetbare,1
launched,1
fragmentation,1
maneuver,1
achievement,1
jh_545525,1
tevens,1
modification,1
scheiden,1
spammy,1
plugin,1
zealanders,1
delmomenten,1
high-calibre,1
lifespan,1
automatische,1
092814150,1
high-trust,1
stake,1
sewer,1
kent,1
ontdekken,1
derive,1
fortnightly,1
speel,1
trøkk,1
lp,1
datacenters,1
entertainment,1
ajax,1
flex-time,1
sizable,1
garner,1
proofs,1
1e,1
smash,1
homegrown,1
takt,1
variable,1
dialogen,1
ebenfalls,1
pinot,1
verandering,1
footprint,1
prikkfrie,1
observations,1
motorkap,1
procesmatige,1
toys,1
doorgroeien,1
completive,1
gehele,1
leren,1
onzekerheden,1
multi-platform,1
motor,1
certificates,1
world-known,1
supervisor,1
verkopen,1
bitcoin,1
tiny,1
90000,1
joy,1
jointly,1
uat,1
cargo,1
border,1
datastores,1
umsetzung,1
capture,1
geschrieben,1
certainly,1
threads,1
90235,1
arranging,1
doorontwikkeling,1
compares,1
long-needed,1
balancers,1
owns,1
innovativt,1
hinder,1
in-office,1
kleiner,1
complement,1
blog,1
well-suited,1
listen,1
-support,1
öppnar,1
spare,1
tråd,1
riktig,1
cra,1
marshall,1
cream,1
2517,1
commence,1
relies,1
bijt,1
greenfields,1
webb,1
testimonials,1
støtte,1
waitangi,1
bets,1
följa,1
urvals-,1
overnight,1
viewable,1
t-sql,1
learning-focussed,1
founding,1
uitbreiding,1
geoliede,1
pensjonsordning,1
citrix,1
kloppend,1
zodat,1
delayed,1
hen,1
scoped,1
ona,1
lisa,1
obligations,1
migrations,1
utdannelse,1
nieuw,1
empowers,1
indulging,1
8055,1
zero,1
jlpt,1
logistik,1
coretechs,1
specialised,1
absorb,1
attempting,1
ddl,1
tijde,1
geschäftssitz,1
wcf,1
innogames,1
kitchens,1
nga,1
geographically,1
løsning,1
marketplaces,1
grounding,1
morgondagens,1
viktig,1
bite,1
agojo-1712-47223,1
emergent,1
duplicate,1
maturity,1
millioner,1
unieke,1
fridays,1
standardized,1
intensive,1
programmeren,1
blocks,1
wöchentlichen,1
it-bezogenen,1
thank,1
disruption,1
broaden,1
vacaturenummer,1
touchstones,1
postcss,1
nederlands,1
premature,1
2499,1
technoloies,1
949970,1
greatly,1
arbeitsklima,1
praktischen,1
effectiever,1
frischem,1
cultuur,1
teilnahme,1
navigation,1
pilates,1
betalen,1
overheidsorganisaties,1
philosophy,1
10th,1
sourcerers,1
waxes,1
fulfil,1
dvcs,1
websphereen,1
presentations,1
afnemers,1
pm,1
versioning,1
deskbeers,1
connectors,1
draag,1
realiseren,1
countryside,1
customisation,1
scenario,1
fascinating,1
4455,1
precious,1
juiste,1
shield,1
storyboards,1
tactische,1
mission-driven,1
manipulate,1
poor,1
bias,1
assimilate,1
kiellandsplass,1
optimale,1
småplukk,1
verantwoordelijkheid,1
obsessively,1
boek,1
authors,1
skole,1
pronouncing,1
fach,1
-partner,1
tune,1
labor,1
90298,1
tørre,1
reo,1
utviklingsmuligheter,1
improves,1
mapkit,1
pig,1
future-proof,1
daadwerkelijk,1
personable,1
utover,1
cap,1
90385,1
assured,1
ravendb,1
weights,1
fine-tuning,1
fremover,1
diepte,1
moderate,1
enquiries,1
veelal,1
itil-beheerprocessen,1
self-studies,1
schritte,1
donderdagmiddag,1
optimistic,1
endowment,1
søknadsfristens,1
bootcampen,1
sticky,1
methodologieën,1
generelt,1
tokyo,1
gjelder,1
roll-outs,1
disse,1
http-cache,1
hör,1
lengths,1
patented,1
geir,1
89412,1
schrijfvaardigheden,1
mocha-chai,1
vagrant,1
taonga,1
retrieve,1
technology-,1
abackend,1
shows,1
relations,1
genomsnitt,1
salg,1
opplevd,1
consisting,1
financials,1
tabellen,1
lightspeed,1
teknologivalgene,1
ice,1
instincts,1
stuff,1
shortage,1
terrific,1
statistical,1
alan,1
technologiestack,1
fruition,1
hat,1
sine,1
gerealiseerd,1
slack,1
tilbyr,1
impacts,1
taiwan,1
okhttp,1
non-production,1
resulterer,1
22nd,1
consumer-facing,1
beautifully,1
assembling,1
prohibit,1
bereichen,1
pc,1
bottlenecks,1
snowflake,1
anbefale,1
can-do,1
though,1
internationalisation,1
statistische,1
dc,1
lessons,1
gitt,1
retailers,1
e-handelns,1
viel,1
nangalia,1
dashboard,1
validated,1
greef,1
on-job,1
10-4,1
dezelfde,1
frågor,1
jbsjo-1709-47028,1
optimizing,1
workspace,1
unbefristete,1
peil,1
efficacy,1
remarkable,1
refreshed,1
nysgjerrig,1
godt,1
conversation,1
verantwortungsvollen,1
erg,1
varje,1
miljö,1
highlighted,1
repos,1
tata,1
deviate,1
lever,1
dagelijks,1
fare,1
ontwikkelingstrajecten,1
gedegen,1
game-changing,1
inrichtingstaken,1
breaking,1
rapportages,1
excelleren,1
zukünftigen,1
250,1
odd,1
stepping,1
inschattingen,1
116326,1
happier,1
directors,1
finer,1
laat,1
recognition,1
mid-january,1
cheaper,1
uitdaging,1
elektroniske,1
prosjektledelse-,1
1930,1
mrg,1
overcame,1
sinds,1
actieve,1
gitlab,1
traction,1
vrij,1
1600,1
overcoming,1
arthur,1
immediately,1
up-skilling,1
crossover,1
stamp,1
eigenschaften,1
es7,1
9174,1
schaumburg,1
ourfullstack,1
execs,1
fabric,1
allerlei,1
vertegenwoordigen,1
sk925630a,1
übergangswohnung,1
accounting,1
ställer,1
eeo,1
akkreditiertes,1
denne,1
deck,1
mental,1
it-omgevingen,1
oversees,1
completes,1
distribute,1
entsprechende,1
orthodontics,1
elf,1
identified,1
assembleren,1
sport,1
cares,1
ease,1
adapters,1
pool,1
bereiken,1
prices,1
appliances,1
cut,1
catalog,1
allt,1
kreativpausen,1
harmonization,1
greatest,1
selbstständige,1
voordoen,1
behoud,1
afgenomen,1
signs,1
aigents,1
appearing,1
testbar,1
delve,1
harbour,1
noirs,1
hospitality,1
complexe,1
eventually,1
diagnosis,1
proposing,1
weitere,1
rules,1
arjo-1712-47237,1
brede,1
mock-ups,1
zaken,1
imperative,1
solnet,1
profit-sharing,1
toegangsoplossingen,1
productieomgeving,1
plass,1
datafangst,1
massages,1
bochum,1
spørsmål,1
doorzocht,1
summarycbre,1
gepland,1
pumped,1
fler,1
sammen,1
lave,1
edits,1
90367,1
intuitive,1
heroku,1
gevraagde,1
technischer,1
fosuser,1
hedge,1
proposal,1
deployen,1
fortsette,1
hjelpe,1
ontwikkelt,1
provisions,1
unik,1
fusion,1
trainings-,1
pensions-,1
fester,1
winforms,1
galera,1
sweating,1
tested,1
7-10,1
automated-testing,1
battery,1
fundraising,1
mysteryland,1
transfer,1
courseops,1
2e,1
impactful,1
result-,1
tenanted,1
utvecklingsmöjligheter,1
atlassian,1
påverka,1
integreren,1
cbsi,1
programms,1
2640487,1
waarmee,1
venues,1
paradigms,1
establishes,1
prints,1
indoor,1
calm,1
genereren,1
clarify,1
betrokkenen,1
a-list,1
strives,1
embed,1
problemløsning,1
beruf,1
diskuterar,1
spa,1
synes,1
realise,1
ah_514871,1
yahoo,1
bessemer,1
controlling,1
strengthening,1
tradeoffs,1
financed,1
customer-visible,1
13e,1
rangahau,1
equipped,1
intrinsic,1
totstandkoming,1
prototype,1
datenbanken,1
lights,1
columbia,1
beheren,1
hjälper,1
corner,1
bancaire,1
minute,1
bewust,1
verification,1
complexities,1
low-level,1
words,1
christmas,1
counting,1
betingelser,1
gedaan,1
microservice-based,1
opposite,1
entering,1
maxbo,1
-10,1
dimensions,1
spelman,1
opplæring,1
onafhankelijke,1
rec,1
frontends,1
mid-front,1
state-less,1
nebulous,1
teacher,1
targeting,1
wiring,1
måtte,1
hogehilweg,1
rough,1
verhelpen,1
arbeidsgiver,1
urlaubstage,1
danish,1
data-visualisatie,1
infrastructuren,1
professions,1
lending,1
verkar,1
visualisation,1
ec2,1
youtube,1
introduced,1
longer-term,1
javaunbefristete,1
gerne,1
jbsjo-1711-47139,1
focust,1
curiosity,1
handheld,1
grows,1
bhsai,1
zonder,1
ft,1
additionally,1
annat,1
minste,1
beginfase,1
unusual,1
evidence-based,1
higher-level,1
inspections,1
vests,1
timesheets,1
webpack,1
nimble,1
credentials,1
vice,1
actual,1
appear,1
betydande,1
sterke,1
optional,1
unrestricted,1
trend,1
90366,1
indicator,1
geheimen,1
technology-based,1
116319,1
hike,1
uitvoeren,1
enthousiast,1
gedrevenheid,1
town,1
vaardig,1
otherwise,1
istqb,1
shoreditch,1
ace,1
ingang,1
ongeveer,1
mortgage,1
studios,1
intermediate-level,1
management-related,1
towel,1
technologie,1
considers,1
brought,1
waarvan,1
veldig,1
addresses,1
timeframe,1
løsningene,1
mate,1
scm,1
insulation,1
up-skill,1
bishop,1
spaces,1
ea070,1
monetization,1
specialties,1
90452,1
ipo,1
webblösningar,1
iphone,1
schemas,1
diagrams,1
self-organized,1
in-person,1
hohes,1
visually,1
team-at-large,1
intersection,1
evident,1
neuroscience,1
ledande,1
multinode,1
zullen,1
disparate,1
praxisnaher,1
exemption,1
clubs,1
employer-funded,1
leather,1
regeling,1
xp,1
externally,1
technology-driven,1
präferenz,1
welman,1
gezamenlijk,1
relatie,1
overlooking,1
barriers,1
2492,1
involving,1
nhibernate,1
computational-experimental,1
pre-employment,1
moscowjob,1
marianne,1
daemons,1
møte,1
passie,1
bezig,1
steam,1
framfart,1
versed,1
funderingar,1
follow-the-textbook,1
ethnographic,1
th,1
explanation,1
cloudomgeving,1
producers,1
zien,1
særlig,1
mock,1
netto,1
baylor,1
leasing,1
creatively,1
deliberately,1
lar,1
fine-tune,1
cooperatively,1
large-data,1
absolutely,1
knocking,1
gått,1
frequency,1
recreate,1
vernieuwend,1
hochmotivierte,1
leuke,1
-conduct,1
innenfor,1
overhead,1
yonge,1
sourced,1
seg,1
beaver,1
protobuffs,1
benodigde,1
fellow,1
lönsam,1
easy-to-understand,1
homepage,1
onbekende,1
innebære,1
uavhengig,1
unleash,1
devs,1
unseren,1
agtech,1
entsprechender,1
autostore,1
draait,1
displays,1
focussing,1
forums,1
sentiment,1
videreutvikling,1
professionele,1
opp,1
learners,1
certain,1
accurate,1
wasting,1
mainstay,1
agent,1
cloud-computing,1
infinity,1
natuurlijke,1
arcgis,1
starke,1
residence,1
self-manage,1
oplossingsgerichtheid,1
eisen,1
ea068,1
schick,1
non-sectarian,1
outlining,1
multi-language,1
coders,1
multi-tier,1
system-,1
lokalisert,1
codedui,1
negotiate,1
dine,1
inter,1
gegevens,1
quick-fire,1
rooms,1
fault-tolerant,1
development-centred,1
macos,1
8th,1
volgende,1
-based,1
land,1
konkurransedyktig,1
admin,1
selecting,1
einsatz,1
opportunites,1
bachelor,1
innovatief,1
weer,1
influences,1
ranks,1
reageer,1
internationally-recognised,1
getränken,1
opgebouwd,1
slim,1
pas,1
fitness,1
politieke,1
vermogen,1
designer-programmer,1
uis,1
outages,1
engineerthe,1
eigenverantwortliches,1
tech-loving,1
microsite,1
oerhört,1
api-first,1
architecturen,1
yoga,1
moderna,1
graphite,1
conference,1
machines,1
realize,1
tuesday,1
fueled,1
immersing,1
772,1
qualmark,1
user-adoption,1
percent,1
galaxy,1
verwerkt,1
verrassen,1
part-time,1
motsvarande,1
valley-backed,1
unlock,1
well-documented,1
cloud-delivered,1
repertoire,1
over-sight,1
home-grown,1
kindle,1
nuget,1
vak,1
intercom,1
unexplored,1
pnz,1
minority-classified,1
prosessene,1
finest,1
top-3,1
convergence,1
polsbandjes,1
medior,1
nicky,1
faglige,1
fatte,1
api-driven,1
pages,1
securely,1
waarbij,1
modifications,1
attaining,1
responded,1
möjligheten,1
markedet,1
valley,1
reinvention,1
bluetooth,1
privately,1
wholesale,1
harm,1
non-print,1
myriad,1
historical,1
synthesise,1
burnout,1
technisch,1
schumacher,1
optimized,1
walking,1
near,1
mike,1
terrace,1
professionalisering,1
hills,1
acronyms,1
graph,1
laughs,1
dining,1
450,1
functioneren,1
annen,1
leaving,1
toont,1
appstore,1
utplassering,1
genders,1
world-beating,1
bronnen,1
es,1
gespecialiseerde,1
442,1
bestående,1
drives,1
siktet,1
rebuild,1
kontoret,1
discretionary,1
dataflytdesign,1
container,1
localization,1
vaardigheden,1
considerably,1
deaths,1
waarde,1
shopping,1
high-energy,1
modelling,1
included,1
urvalet,1
recognisable,1
illness,1
oosterpark,1
tillit,1
tonen,1
toekomstvisie,1
printers,1
technologists,1
0-2,1
gerust,1
vernuft,1
aimed,1
hang,1
wanneer,1
brink,1
advises,1
affiliated,1
mongoid,1
tillgängliga,1
maximising,1
standard-compliant,1
sean,1
bestselling,1
customized,1
contents,1
fått,1
conjunction,1
surgeries,1
reflects,1
erbjuder,1
12-15,1
symfony2,1
andy,1
accommodate,1
bygge,1
reapply,1
analyses,1
superhuman,1
paving,1
neurotechnology,1
pooling,1
beat,1
cmjo-1707-46927,1
asymmetric,1
defines,1
arbetsplats,1
integrationworks,1
vollzeit,1
phone-based,1
beeld,1
approximately,1
organisatiedoelstellingen,1
rewarddo,1
x86,1
definiert,1
franchise,1
maximised,1
terminal,1
peripheral,1
client-base,1
china,1
belongs,1
aanmerkelijk,1
limit,1
proxy,1
septa,1
customise,1
foot-in-the-door,1
nonprofit,1
diagnosing,1
conversational,1
crusty,1
allen,1
emberjs,1
ca,1
developer-focussed,1
cold,1
steg,1
innate,1
finished,1
gestalten,1
taxi,1
närhet,1
oppdatert,1
retrospective,1
veelvuldig,1
referral,1
softwareentwicklungsprozess,1
high-achieving,1
csh,1
customer-ready,1
parents,1
macho,1
rad,1
fosrest,1
freistellung,1
hoppa,1
brighton,1
distill,1
overtuigingskracht,1
furthermore,1
techniek,1
ok,1
achievable,1
niveau,1
approached,1
invoice,1
brewed,1
fortunately,1
disclosures,1
investerer,1
studienmodell,1
alternatives,1
differently,1
expertroller,1
kwaliteit,1
revolutionary,1
mutual,1
lyckas,1
jeg,1
soul,1
buildmaster,1
holde,1
schwerpunkt,1
park,1
90379,1
regel,1
framed,1
shower,1
pollution,1
kode,1
-provide,1
rahmen,1
viral,1
reproduction,1
partial,1
unreasonable,1
frontlinjen,1
bhjo-1712-47215,1
pressing,1
yell,1
desk,1
grey,1
än,1
japan,1
arrival,1
pictures,1
individually,1
aktivt,1
preferences,1
rspec,1
breedte,1
4th,1
instelling,1
aanspreekpunt,1
streamlined,1
start-ups,1
afgelopen,1
haughton,1
impressions,1
helm,1
boven,1
permanentyour,1
schriftelijke,1
academia,1
-lead,1
verzorgde,1
föränderliga,1
conde,1
treliant,1
cross-department,1
philosophies,1
desires,1
physicians,1
bachelor-,1
passive,1
teresa,1
datasystemer,1
tenants,1
scientists,1
miljøet,1
protects,1
gayatri,1
omzetten,1
tillsatt,1
thought-leader,1
projektledare,1
silver,1
assessed,1
pulls,1
robustly,1
administering,1
afleggen,1
out-of-the-box,1
omgaan,1
enthusiast,1
tosca,1
novel,1
d3,1
akka,1
retain,1
förändrats,1
opensource,1
allerede,1
venture-backed,1
skillsoft,1
specialization,1
tier,1
studiengebühren,1
underlying,1
umsetzen,1
streber,1
thirst,1
vergelijkbare,1
leggen,1
gegevensmodellen,1
outings,1
zenhub,1
waste,1
federal,1
site-wide,1
jh_494190,1
found,1
reveal,1
caught,1
workstations,1
three-sided,1
respective,1
espouse,1
vårt,1
app-v,1
fagområdet,1
adversary,1
relative,1
technologist,1
kick,1
lager,1
prefers,1
high-availability,1
wishing,1
tillegg,1
texas,1
auckland-based,1
banner,1
ambitieuze,1
distractions,1
inriktningen,1
avgjørende,1
5911677,1
employs,1
gebruikt,1
anchoring,1
nationals,1
bygga,1
rid,1
snapshot,1
trips,1
message,1
vertex,1
zoeken,1
cryptography,1
revolutionize,1
teamspirit,1
forensic,1
beng,1
gern,1
discrimination,1
denkt,1
pairing,1
muntendispensers,1
went,1
civic,1
miljarden,1
mañana,1
toetsende,1
cache,1
changer,1
layouts,1
installation,1
directed,1
visionary,1
rearrange,1
articulating,1
bounds,1
helpen,1
elbows,1
triage,1
mappers,1
4-6,1
co-creator,1
webservice,1
user-research,1
landschappen,1
skriv,1
kijk,1
klaar,1
pre-built,1
donations,1
intrinsische,1
maths,1
levende,1
reported,1
vardagar,1
plate,1
players,1
conventional,1
kracht,1
nearly,1
studying,1
fluently,1
invests,1
gericht,1
desk-based,1
800,1
vooral,1
ambitie,1
population,1
informally,1
michelle,1
customising,1
116321,1
säkerställa,1
probability,1
extjs,1
zelf,1
mixtiles,1
tend,1
rdbms,1
onderhoud,1
non,1
jo-1712-47249,1
høyprofilerte,1
permit,1
time-sensitive,1
optimaliseren,1
high-load,1
99,1
values-driven,1
cmd,1
humans,1
happened,1
vertaalslag,1
effectiviteit,1
44,1
angelegt,1
multi-million,1
resultaatgericht,1
pain,1
pursue,1
technology-rich,1
biking,1
høres,1
konzepte,1
mpp,1
invisible,1
sealstation,1
funnits,1
vele,1
oppdatering,1
super-user,1
nitro,1
gross,1
jp,1
verzorgt,1
annonstiteln,1
instructional,1
download,1
reproducible,1
answer,1
productions,1
trumps,1
extraction,1
2467,1
answers,1
brilliant,1
alignment,1
acceptatie,1
beteiligter,1
inte,1
deploys,1
visjon,1
tilvekst,1
trade-off,1
surgical,1
magical,1
reproach,1
kjører,1
dramatic,1
collects,1
fte,1
javascipt,1
anpassade,1
ides,1
concordian,1
bundle,1
professionally,1
angela,1
aesthetically,1
-five,1
imaginative,1
people-centered,1
jag,1
cash,1
intellij,1
graphics,1
inputs,1
specifika,1
grootste,1
mixpanel,1
encountered,1
fagmiljø,1
nicely,1
high-end,1
deine,1
kindly,1
während,1
edx,1
disrupt,1
betting,1
prospective,1
oprichting,1
bolag,1
cyber-,1
later-stage,1
reinvented,1
fh,1
cmu,1
sier,1
unquestionably,1
ras,1
morsom,1
arbeitserfahrung,1
trial,1
highly-scalable,1
sealen,1
bug-tracker,1
før,1
specializes,1
bedient,1
spännande,1
økning,1
unites,1
enorm,1
dives,1
corel,1
evangelizing,1
gjennomsnitt,1
avtale,1
ladies,1
mid-sized,1
addressing,1
zen,1
kjernekompetanse,1
occasions,1
webservertechnologieën,1
kwantitatieve,1
backend-entwicklung,1
eclectic,1
113221385,1
anerkjent,1
academic-industry,1
world-renowned,1
strategisch,1
tailored,1
caliber,1
ner,1
stabil,1
stocked,1
linked,1
big-name,1
tells,1
culmination,1
crunch,1
miljoenen,1
inhoudelijk,1
shipping,1
trekking,1
functieomschrijvingde,1
ble,1
newly-integrated,1
corebusiness,1
celebratory,1
sits,1
organisatiesensitiviteit,1
ict-platformen,1
prestigious,1
speelt,1
administer,1
psychologist,1
medarbetarna,1
browsers,1
raised,1
ontwerpt,1
polished,1
register,1
europa,1
committee,1
2651196,1
separately,1
ad-hoc,1
suppinger,1
schnell,1
visitors,1
7-8,1
finanzierung,1
automasjon,1
parental,1
liaise,1
meaning,1
friction,1
virkelig,1
entwicklungsprozesses,1
2-page,1
canadian,1
workstation,1
modernen,1
wholly-owned,1
rooftop,1
elevate,1
benytter,1
hannah,1
growth-based,1
hyggelig,1
overheidsdatacenter,1
supercomputing,1
gelooft,1
toolkits,1
fine,1
skalerbare,1
premise-,1
gebieden,1
motiverende,1
sonata,1
liker,1
ut,1
ausgeprägte,1
caused,1
ned,1
dagens,1
rundt,1
w12,1
26,1
veertig,1
stating,1
tjänst,1
parent,1
andre,1
on-page,1
spark,1
qualitative,1
geschikt,1
zealand-owned,1
portable,1
lernbereitschaft,1
55089521,1
acquired,1
concrete,1
writer,1
it-related,1
researchers,1
-ensure,1
logos,1
wsgi,1
paternity,1
findet,1
noise,1
authorization,1
keywords,1
beschikken,1
stokes,1
apostrophes,1
standards-based,1
dependencies,1
unbiased,1
plaats,1
fits,1
authored,1
xcode,1
actuele,1
expose,1
tvers,1
supplying,1
voorraad,1
remediated,1
obj-c,1
comps,1
dry,1
encountering,1
reizt,1
soapui,1
-work,1
ict-infrastructuur,1
lengde,1
future-oriented,1
scheduled,1
fingerprint,1
sscs,1
0800,1
apeldoorn,1
voelt,1
configuring,1
högt,1
gebeurt,1
faculty,1
leverera,1
predominantly,1
samarbeid,1
robotics,1
predictable,1
explaining,1
documenten,1
singles,1
kimball,1
rainbow,1
149,1
reibungslos,1
bewerbungsunterlagen,1
modellierung,1
majoring,1
studienzwecke,1
vertragslaufzeit,1
beargumenteerd,1
nationally-recognized,1
vurdere,1
refer,1
synchronous,1
utviklingsoppdrag,1
quiet,1
vastbijt,1
voting,1
perhaps,1
bold,1
chomping,1
aangiftecampagne,1
pronged,1
delivery-focused,1
journeys,1
wekelijks,1
88268,1
querys,1
authentication,1
innovators,1
re-engineering,1
pixels,1
auswahl,1
generalists,1
emr,1
literally,1
converted,1
revolutionise,1
taught,1
499,1
aigent,1
geldstroom,1
hci,1
bezit,1
bbqs,1
31,1
attending,1
dml,1
convenience,1
projected,1
ruling,1
refined,1
tiriti,1
igenom,1
measure,1
professorship,1
3-6,1
bland,1
itil,1
hashing,1
bijdragen,1
discussed,1
flexibele,1
meetups,1
beheerd,1
published,1
causes,1
clicks,1
conversive,1
iris,1
post-seed,1
bottleneck,1
innovating,1
neste,1
apprentice,1
interst,1
disrupted,1
all-rounder,1
drevet,1
channel,1
external-facing,1
nzx,1
highland,1
inference,1
kommunikative,1
gesundheitssektor,1
spannender,1
90252,1
dictate,1
duckworth,1
limitations,1
interesserer,1
proposition,1
arbeitsweise,1
herinner,1
assignment,1
virtuous,1
vollzeitihre,1
cit,1
2636279,1
breadth,1
mye,1
loads,1
certify,1
taken,1
standing,1
umanga,1
werkplek,1
allowed,1
aptitude,1
segments,1
adviserende,1
station,1
afwegingen,1
deficits,1
blended,1
jvm,1
feeling,1
pre-designed,1
splitting,1
predictive,1
freeing,1
domains,1
stamina,1
nylig,1
movies,1
whanau-like,1
nauwe,1
analytisch,1
non-traditional,1
registered,1
85-90,1
olika,1
aktuell,1
midst,1
enforcing,1
spectacular,1
nieuwsgierig,1
wenn,1
redefine,1
re-design,1
jmeter,1
nur,1
rebase,1
postgis,1
educated,1
attacks,1
trainings,1
lynn,1
-assist,1
seize,1
laying,1
kopiera,1
dropping,1
onto,1
-consistently,1
choosing,1
worry,1
roboticists,1
bank,1
tj_309568,1
ausgeprägtes,1
cheerful,1
werkend,1
zwarte,1
nacht,1
mannskapslister,1
fremdrift,1
crash-free,1
propose,1
timing,1
southeast,1
avdelingen,1
definitely,1
engasjerte,1
insightful,1
frank,1
p2p,1
mixed,1
affect,1
1s,1
contracts,1
binaries,1
contractors,1
dogged,1
attestations,1
accuracy,1
anticipated,1
outlets,1
må,1
physical,1
logged-out,1
brightly,1
2111,1
codebases,1
stand-bydiensten,1
søknader,1
hooking,1
environmentally,1
it-kennis,1
fitnessstudio,1
re-evaluating,1
1986,1
studierst,1
teamworking,1
monate,1
siste,1
planet,1
self-starter,1
welcomed,1
rail,1
gain,1
89,1
sette,1
instructors,1
cost-effectiveness,1
handful,1
1180,1
ziet,1
alltid,1
upside,1
onderken,1
interesse,1
appy,1
enriching,1
chatten,1
sass,1
fl,1
zorgt,1
eigenschappen,1
construction,1
neuroscientist,1
production-oriented,1
visibility,1
jobbregistrering,1
borrow,1
screens,1
deloivery,1
nära,1
inrichten,1
fafsa,1
situation,1
katherine,1
afdelingsmanager,1
recognized,1
ontwerpen,1
outputting,1
garant,1
edx-based,1
legger,1
interns,1
less-experienced,1
kneepjes,1
toegangscontrole,1
original,1
thread,1
los,1
translation,1
concise,1
kløfta,1
iets,1
fabrics,1
prospect,1
sunny,1
sentral,1
xxl,1
neben,1
project-based,1
neer,1
kandidat,1
quit,1
concurrently,1
household,1
gewerkt,1
kunders,1
filterable,1
collaborators,1
celebrating,1
dessa,1
chunk,1
runbook,1
empirically,1
high-profile,1
sørger,1
kloke,1
kanskje,1
interactively,1
pioneered,1
talangfulla,1
expat-friendly,1
aanwezig,1
verschiedenen,1
begs,1
exams,1
stem,1
association,1
onboard,1
developing-team,1
471,1
comply,1
february,1
roda,1
satisfy,1
onsite,1
testability,1
wharton,1
förändringstakt,1
-7,1
tett,1
effektivisere,1
engineeringabout,1
passions,1
user-centric,1
macro,1
watchos,1
cruise,1
ingeslagen,1
network-related,1
unnecessary,1
omvangrijk,1
afdelingen,1
waarover,1
eye-test,1
flexibilität,1
foran,1
extensible,1
skreddersydd,1
koop,1
cluster,1
pre-sale,1
arising,1
festivals,1
hyphens,1
usership,1
feasibility,1
brutally,1
ronde,1
oppdragene,1
lifts,1
guy,1
corresponding,1
criticism,1
vis,1
bill,1
references,1
mitwirkung,1
positief,1
productie,1
operationeel,1
personalerbjudande,1
deskundigheid,1
systemutvikler,1
increases,1
announced,1
dbaas,1
adam,1
hoder,1
estimation,1
investigate,1
armatowsk,1
mentaliteit,1
inzet,1
dom,1
multi-billion,1
hvorfor,1
themes,1
unconscious,1
verantwoordelijke,1
fore,1
resultaten,1
ligge,1
enterprise-grade,1
amazingly,1
forkant,1
breakfasts,1
ondernemend,1
initiativrik,1
awe,1
arbeider,1
crown,1
86250,1
centric,1
provost,1
oplevering,1
zij,1
ingesteld,1
world-first,1
fewer,1
webdeveloper,1
formally,1
bedoeld,1
blanding,1
specified,1
ontsluit,1
enrichment,1
tackles,1
obst,1
involves,1
structuring,1
silverstriper,1
itsm,1
großer,1
bloated,1
builder,1
kollega,1
cs,1
zero-premium,1
stop,1
helmut,1
linux-based,1
referred,1
verdiep,1
tidsanalyse,1
ticket,1
laterally,1
wait,1
oplossen,1
toe,1
selective,1
ict-tooling,1
respectful,1
puc,1
jqueryui,1
virtualisierungstechnologien,1
close-knit,1
fantasic,1
checking,1
seemingly,1
customer-focussed,1
embarcadero,1
functionally,1
gevestigde,1
salaries,1
festen,1
one-stop-shop,1
adapting,1
in-house-training,1
skremme,1
weighs,1
whakakaha,1
n,1
backlogs,1
rätt,1
bean,1
intern,1
touch-enabled,1
veiligstellen,1
vekstfase,1
denna,1
nästa,1
guest,1
picking,1
neo4j,1
oversight,1
else,1
australian,1
verwachtingen,1
curis,1
itero,1
marry,1
auffassungsgabe,1
bad,1
aesthetics,1
inefficiency,1
travis,1
forventes,1
saving,1
fragen,1
packages,1
bereid,1
besvaras,1
wachten,1
herlig,1
verras,1
full-blown,1
bijzaken,1
positivt,1
uten,1
edition,1
binding,1
qualities,1
ambisiøst,1
ara-recognised,1
formats,1
iwi,1
2012r2,1
b,1
kommunikation,1
coffeescript,1
thinker,1
cryptocurrencies,1
arise,1
openly,1
deltakelse,1
dutch,1
opposed,1
booming,1
standaard,1
dankzij,1
zulke,1
hänger,1
strongest,1
sweden,1
angeles,1
indefinite,1
lit,1
2-day,1
generalized,1
chatbot,1
eigeninitiative,1
volgen,1
defends,1
financiële,1
förändras,1
probably,1
förderung,1
lära,1
apt,1
wonderful,1
fritid,1
stef,1
wel,1
könnten,1
geographic,1
computation,1
rockefeller,1
rekordartat,1
glue,1
earn,1
aandragen,1
thinkers,1
understood,1
oppdatere,1
openness,1
objects,1
monitort,1
modellers,1
raspberry,1
notice,1
bis,1
feb,1
speaks,1
wheels,1
comfort,1
branching,1
outlook,1
homes,1
sustained,1
geëffend,1
anxiety,1
gibt,1
advies,1
professional-level,1
self-directing,1
gesundheitsmanagement,1
impression,1
bedienen,1
twee,1
kansen,1
psychological,1
datasets,1
arkitekturmönster,1
ter,1
varying,1
exclusive,1
automatization,1
techneut,1
errors,1
hierbij,1
theoretisches,1
kortare,1
fafsas,1
odele,1
ontmantelen,1
finner,1
dynamisch,1
behulp,1
flask,1
minded-visionaries,1
arbitrary,1
combinatie,1
leuk,1
vehemently,1
større,1
2014,1
salgsdrevet,1
headcount,1
snug,1
sowohl,1
pagerduty,1
say,1
lavt,1
mathematische,1
boot,1
roadmaps,1
founders,1
etablering,1
sollicitatiegesprekken,1
repair,1
samblas,1
smellie,1
90,1
nach,1
vokse,1
leiden,1
diagnose,1
tåget,1
relayed,1
data-oriented,1
drafting,1
binary,1
dagen,1
hapori,1
industry-leading,1
abgestimmte,1
ict-gerelateerde,1
micro-service,1
productontwikkeling,1
capacious,1
utgjør,1
calabash,1
significantly,1
defect,1
invite,1
spinoff,1
esb,1
tekniska,1
moodle,1
lol,1
gwen,1
counter,1
december,1
systeemrelaties,1
slice,1
subsystems,1
overarching,1
steel,1
technologieën,1
flavors,1
selectiegesprekken,1
musterrecruit,1
detailing,1
experimental,1
ideals,1
doctors,1
akqa,1
unrelated,1
umfangreiches,1
predominant,1
saas-based,1
route,1
print,1
clinicians,1
beheer-,1
liberties,1
113354361,1
mathematical,1
associate,1
cannot,1
javaspring,1
helt,1
bewaakt,1
lasting,1
visioning,1
burton,1
investering,1
checks,1
rijksbreed,1
sticker,1
reinvigorated,1
iv-voorzieningen,1
stimulating,1
bezüglich,1
completeness,1
tekniskt,1
scrappy,1
blasts,1
sem,1
reflected,1
dependant,1
elegantly,1
kjennetegnes,1
lesbar,1
ibm-tooling,1
penn,1
470,1
movie,1
boomf,1
degelijke,1
fed,1
biculturalism,1
backlog,1
lock,1
canvas,1
ads,1
approval,1
enterprises,1
rekryteringsprocess,1
subsidy,1
model-view-controller,1
afdeling,1
värdefull,1
logically,1
sambla,1
parameterized,1
adviser,1
semantically,1
enorma,1
dependency,1
bbq,1
arbeid,1
in-car,1
2d,1
studienreferenten,1
plugins,1
fulford,1
70178,1
toner,1
ofta,1
88430,1
oop,1
modifying,1
snabba,1
fornøyd,1
onderscheiden,1
eksisterende,1
pan-european,1
x2,1
sacrifices,1
sides,1
retiree,1
bitbucket,1
repetitive,1
e-handeln,1
interkulturalität,1
detaljhandeln,1
enjoyed,1
obsessed,1
positieve,1
org,1
ausgewählten,1
leidende,1
doors,1
snapp,1
abreast,1
uppåt,1
publicly-owned,1
krijgen,1
smit,1
scala,1
scaleable,1
test-covered,1
buddie,1
ii,1
amro,1
total,1
selendroid,1
transformed,1
echt,1
couchdb,1
heel,1
developments,1
behoefte,1
coded,1
voortdurend,1
aotearoa,1
thrown,1
beskriver,1
bygger,1
45,1
berufsbegleitend,1
continu,1
mentors,1
repeatable,1
beispielsweise,1
ondernemen,1
2522,1
kontinuerlig,1
communicative,1
enkele,1
longer,1
vistas,1
residing,1
dé,1
gis,1
grobler,1
401k,1
internationalization,1
berufsbegleitendes,1
komplette,1
klare,1
syncs,1
westpac,1
absolute,1
vise,1
double,1
4493,1
økt,1
axon,1
ood,1
linq,1
coördineren,1
webhostingapplicaties,1
vc,1
473,1
bundles,1
archidev,1
patches,1
wa,1
digitale,1
-an,1
stand-up,1
joint,1
security-related,1
konkurransedyktige,1
payfield,1
refactoring,1
bruke,1
solvers,1
represents,1
seeing,1
inject,1
aligner,1
suggestions,1
track-record,1
preparation,1
presented,1
component-based,1
ständigt,1
humor,1
campbell,1
konfigurationsmanagement-tools,1
stress,1
teknologi,1
data-driven,1
empathize,1
liquid,1
impairment,1
perfection,1
sk924760a,1
responsibly,1
pie,1
considerable,1
pushing,1
teamfähigkeit,1
funding,1
danach,1
rewarded,1
arbeitszeit,1
klikke,1
marknaden,1
ends,1
bijzondere,1
emot,1
arbeitest,1
frågar,1
hörd,1
merchants,1
generella,1
gpu,1
solution-oriented,1
comparative,1
weken,1
hvor,1
influencing,1
born,1
resumé,1
cookie,1
antwoorden,1
x,1
allowing,1
food,1
maandsalarismin,1
gatling,1
-maintain,1
arkitektur,1
tournaments,1
daemon,1
lectures,1
shareable,1
fachlichen,1
mdm-ontwikkelaar,1
underscore,1
karriärsteg,1
faglig,1
logische,1
cryptographic,1
ethnically,1
lang,1
949964,1
behov,1
disruptive,1
5g,1
assure,1
request,1
merkevarer,1
snapt,1
sociaal,1
ordering,1
rows,1
guter,1
rechten,1
hartje,1
medarbeidere,1
manageable,1
hard-working,1
victories,1
employed,1
materiel,1
norden,1
lenders,1
beheerprocessen,1
rubriken,1
bouwen,1
545,1
toekomstbestendig,1
wissen,1
east,1
innovativa,1
idealerweise,1
5-month,1
remember,1
assumptions-,1
noen,1
dots,1
23,1
kjennskap,1
mm_545717,1
force,1
autonomously,1
eliminate,1
skape,1
studiengänge,1
handset,1
teknikker,1
opened,1
zones,1
ekstern,1
on-the-fly,1
pmo,1
-managing,1
puzzles,1
chrome,1
detail-oriented,1
decrease,1
reshaping,1
acted,1
people-person,1
schema,1
bygget,1
praxis,1
hoteltonight,1
boston,1
unity3d,1
2527,1
flexibiliteit,1
garanti,1
razor,1
konsultroll,1
växande,1
achievers,1
verdiend,1
tough,1
dynamically,1
practise,1
coerced,1
mailchimp,1
storm,1
creativiteit,1
containerisation,1
kit,1
emphasise,1
stängas,1
webforms,1
self-govern,1
bety,1
begrijpt,1
dimensional,1
framtid,1
utanför,1
elegant,1
govern,1
uniquely,1
dadurch,1
berufsleben,1
mentorship,1
disassembly,1
0s,1
wertvolle,1
git-based,1
staging,1
fact,1
quick-witted,1
credits,1
doorzettingsvermogen,1
programm,1
jacinta,1
preserve,1
institutions,1
volunteering,1
103,1
2471309,1
initiating,1
ruim,1
uitgerust,1
top-down,1
listening,1
hbo,1
georiënteerde,1
maintainable,1
gold-standard,1
discover,1
tijd,1
hospitals,1
characteristic,1
fram,1
uitwerking,1
formerly,1
neu,1
similarities,1
-reviews,1
kostenlosen,1
imparting,1
warburg,1
backend-related,1
contactuele,1
mom-and-pop,1
generates,1
waitaki,1
relationaler,1
construct,1
technology17,1
omsatte,1
mooie,1
departmental,1
ønske,1
daarna,1
mostly-agile,1
austoben,1
moved,1
educate,1
iggulden,1
boeiend,1
listing,1
signatures,1
vind,1
percentage,1
realiseert,1
zorgen,1
sqa,1
yogales,1
aussagekräftigen,1
ort,1
just-enough,1
appearance,1
prediction,1
end-points,1
952451,1
envelope,1
komplekse,1
jeff,1
maandloon,1
wcag,1
compatibility,1
swedish,1
hoofd-,1
song,1
lived,1
optimierung,1
critique,1
meticulous,1
självständigt,1
matt,1
the-job,1
gesamten,1
webapp,1
agojo-1711-47200,1
performed,1
2022,1
1101,1
continous,1
electric,1
agila,1
kunderna,1
attraction,1
superannuation,1
branded,1
nevnt,1
zimmer,1
generasjons,1
nederland,1
analytic,1
dozens,1
leading-edge,1
hard-,1
nurture,1
cross-functionally,1
systemarkitekt,1
prosessen,1
concurrent,1
on-campus,1
arbeitszeitgestaltung,1
09-5797929,1
styles,1
informative,1
tricks,1
fortnight,1
voldoende,1
front-ends,1
exec,1
90285,1
softwareentwicklungsprozesses,1
integreres,1
stap,1
verbeterd,1
proof-of-concepts,1
magic,1
krjo-1712-47234,1
cartridges,1
prematurely,1
tailor-made,1
conscious,1
partnere,1
hackerrank,1
varandra,1
it-,1
schnelle,1
nexus,1
industry-first,1
beheertechnieken,1
pad,1
circa,1
interchange,1
trenger,1
leveransen,1
branschens,1
willst,1
kundetilpassede,1
favorably,1
avenue,1
marrying,1
manier,1
entrusted,1
seed,1
acquisitions,1
egenskaper,1
opencv,1
innan,1
services-related,1
balans,1
open-minded,1
citrusbyte,1
widget,1
fullstendig,1
overheidsdatacenter-dienst,1
5-8,1
rette,1
267,1
fail,1
marketing-based,1
precise,1
apparent,1
principals,1
relish,1
waiting,1
supporter,1
organizationally,1
digitizing,1
erring,1
underpin,1
hierin,1
funktionaler,1
etterutdanningsprogram,1
januar,1
walk-throughs,1
compatible,1
agility,1
laboratory,1
company-based,1
tesco,1
robustness,1
ansettelse,1
stora,1
vad,1
-proactively,1
polsbandje,1
cpo,1
top-tier,1
består,1
http,1
uniformly,1
collective,1
ankit,1
tampering,1
mq,1
gorgeous,1
berücksichtigung,1
sosiale,1
leveranser,1
institutionele,1
2-com,1
platformen,1
game-based,1
m1103b,1
daher,1
documented,1
nordic,1
pioneer,1
convert,1
stunden,1
lift,1
losing,1
reception,1
92,1
rolling,1
uitgroeien,1
relaxation,1
us-overlapping,1
miljøer,1
kicks,1
secondments,1
extras,1
suburban,1
attestation,1
clearance,1
beleieve,1
löpande,1
fall,1
voortbrenging,1
937277,1
wert,1
graduated,1
supplemental,1
banks,1
statements,1
pi100466463,1
earning,1
prosesser,1
verbetering,1
0028,1
sops,1
demo,1
gamers,1
distinct,1
besides,1
israel,1
concerning,1
chops,1
toch,1
2462,1
descartes,1
diplomabschluss,1
ipad,1
tenslotte,1
problem-solver,1
hyper-v,1
myryman,1
scanner,1
topp,1
subsidiary,1
exploiter,1
dynamischen,1
aldri,1
abusive,1
dss,1
devil,1
onvoorziene,1
surrounding,1
villmark,1
cafe,1
virksomheter,1
geo-spatial,1
houdini,1
rarely,1
conceptual,1
defendable,1
scripten,1
statistics,1
realizes,1
introduction,1
slowing,1
intelligente,1
underway,1
ausgewählte,1
maß,1
snacks,1
hospital,1
cards,1
employers,1
detects,1
grange,1
lane,1
specs,1
komplexer,1
disabled,1
fortnum,1
vps,1
athletic,1
betreft,1
paden,1
neuroscientists,1
outcome,1
sig,1
disrupting,1
90453,1
fleste,1
naturlig,1
hoog,1
incorporating,1
systemutviklere,1
organizing,1
primärt,1
adopted,1
annotations,1
ansprechpartner,1
multi-disciplined,1
organismen,1
samtidig,1
adopt,1
namen,1
videreutvikle,1
functieomschrijvingwil,1
eén,1
bv,1
opparbeidet,1
hobbits,1
omvang,1
weiteren,1
integratieprotocollen,1
testable,1
fleksitid,1
exceptionally,1
slag,1
87548,1
symmetric,1
obtain,1
heading,1
sneller,1
lay,1
jon,1
firmware,1
ext,1
learns,1
prosperity,1
particuliere,1
sporen,1
bedrukken,1
flexi,1
simplifying,1
file,1
beginners,1
netwerker,1
landschap,1
extending,1
betreuung,1
shortlisting,1
handeln,1
één,1
debate,1
symbool,1
gp,1
satisfies,1
tom,1
helped,1
1402,1
harvey,1
sheppard,1
suitability,1
projections,1
1ish,1
it-processen,1
glide,1
fremtidens,1
centres,1
doe,1
limitless,1
state-of-art,1
thomas,1
layers,1
motiveres,1
studeren,1
jobseekers,1
unfamiliar,1
-new,1
nearby,1
da,1
vendor,1
reverse,1
usable,1
phase,1
nok,1
5-years,1
sageview,1
varehus,1
moulding,1
liaison,1
stripes,1
technologiesasurity,1
architected,1
walks,1
generalist,1
930357,1
safari,1
phoenix,1
portalen,1
yen,1
breidt,1
tvos,1
spearhead,1
hovedsak,1
oscar,1
contains,1
converse,1
breathtaking,1
motivemotive,1
recognize,1
ondergebracht,1
auto,1
moderner,1
modernise,1
bureaucracy,1
one-off,1
groß,1
co-workers,1
drei,1
header,1
illustrator,1
called,1
appeals,1
vijftien,1
self-motivation,1
multi-award-winning,1
juniorer,1
on-board,1
phased,1
footer,1
egne,1
brukes,1
concepten,1
belangen,1
tikanga,1
teamfit,1
eenduidig,1
false-positive,1
locations,1
volgens,1
leverancier,1
vorm,1
tv,1
sized,1
mobilize,1
predominately,1
949335,1
atmel,1
callowhill,1
michigan,1
versions,1
fascinated,1
evenly,1
subsidised,1
viewpoints,1
42,1
oude,1
catherine,1
actors,1
river,1
theoretische,1
simplicity,1
signed,1
vullen,1
justice,1
vergelijkbaar,1
årene,1
kjente,1
fag-,1
complexity,1
breathe,1
håper,1
gant,1
embedden,1
modellen,1
nadruk,1
behoort,1
hail,1
characters,1
is-t,1
förlängning,1
guided,1
essentieel,1
cornerstone,1
score,1
kosten,1
verbindende,1
caching,1
kundene,1
daarmee,1
wartbarkeit,1
fourth,1
recommended,1
domain-specific,1
ski,1
tends,1
shifting,1
coachen,1
quantities,1
hayden,1
wearables,1
prosjekter,1
fuzzy,1
timeframes,1
evaluations,1
niche,1
